Dataset,Instance,Algorithm,NV_mean,NV_std,NV_diff,TD_mean,TD_std,Gap%,OnTime,Time_s,NV_cv,TD_cv,NV_inflated,raw_costs,raw_nv
C1,C101,OR-Tools,,,,,,,,0.0,,,False,,
C1,C101,ALNS-Base,10.0,0.0,0.0,828.94,0.0,-0.0,100.0,6.6,0.0,0.0,False,828.9369;828.9369;828.9369;828.9369;828.9369,10;10;10;10;10
C1,C101,Hybrid-Fixed,10.0,0.0,0.0,828.94,0.0,-0.0,100.0,10.1,0.0,0.0,False,828.9369;828.9369;828.9369;828.9369;828.9369,10;10;10;10;10
C1,C101,Hybrid-Rule,10.0,0.0,0.0,828.94,0.0,-0.0,100.0,9.9,0.0,0.0,False,828.9369;828.9369;828.9369;828.9369;828.9369,10;10;10;10;10
C1,C101,Hybrid-DDQN,10.0,0.0,0.0,828.94,0.0,-0.0,100.0,8.9,0.0,0.0,False,828.9369;828.9369;828.9369;828.9369;828.9369,10;10;10;10;10
C1,C101,GNN-Hybrid-DDQN,10.0,0.0,0.0,828.94,0.0,-0.0,100.0,10.0,0.0,0.0,False,828.9369;828.9369;828.9369;828.9369;828.9369,10;10;10;10;10
C1,C102,OR-Tools,,,,,,,,0.0,,,False,,
C1,C102,ALNS-Base,10.0,0.0,0.0,828.94,0.0,-0.0,100.0,12.2,0.0,0.0,False,828.9369;828.9369;828.9369;828.9369;828.9369,10;10;10;10;10
C1,C102,Hybrid-Fixed,10.0,0.0,0.0,828.94,0.0,-0.0,100.0,25.4,0.0,0.0,False,828.9369;828.9369;828.9369;828.9369;828.9369,10;10;10;10;10
C1,C102,Hybrid-Rule,10.0,0.0,0.0,828.94,0.0,-0.0,100.0,23.1,0.0,0.0,False,828.9369;828.9369;828.9369;828.9369;828.9369,10;10;10;10;10
C1,C102,Hybrid-DDQN,10.0,0.0,0.0,828.94,0.0,-0.0,100.0,31.7,0.0,0.0,False,828.9369;828.9369;828.9369;828.9369;828.9369,10;10;10;10;10
C1,C102,GNN-Hybrid-DDQN,10.0,0.0,0.0,828.94,0.0,-0.0,100.0,28.9,0.0,0.0,False,828.9369;828.9369;828.9369;828.9369;828.9369,10;10;10;10;10
C1,C103,OR-Tools,,,,,,,,0.0,,,False,,
C1,C103,ALNS-Base,10.0,0.0,0.0,828.25,0.37,0.02,100.0,6.6,0.0,0.04,False,828.0649;828.0649;828.0649;828.9894;828.0649,10;10;10;10;10
C1,C103,Hybrid-Fixed,10.0,0.0,0.0,828.06,0.0,0.0,100.0,28.3,0.0,0.0,False,828.0649;828.0649;828.0649;828.0649;828.0649,10;10;10;10;10
C1,C103,Hybrid-Rule,10.0,0.0,0.0,828.06,0.0,0.0,100.0,24.1,0.0,0.0,False,828.0649;828.0649;828.0649;828.0649;828.0649,10;10;10;10;10
C1,C103,Hybrid-DDQN,10.0,0.0,0.0,828.06,0.0,0.0,100.0,33.1,0.0,0.0,False,828.0649;828.0649;828.0649;828.0649;828.0649,10;10;10;10;10
C1,C103,GNN-Hybrid-DDQN,10.0,0.0,0.0,828.06,0.0,0.0,100.0,32.8,0.0,0.0,False,828.0649;828.0649;828.0649;828.0649;828.0649,10;10;10;10;10
C1,C104,OR-Tools,,,,,,,,0.0,,,False,,
C1,C104,ALNS-Base,10.0,0.0,0.0,825.81,0.55,0.13,100.0,6.4,0.0,0.07,False,825.9553;824.7767;825.9553;826.4163;825.9553,10;10;10;10;10
C1,C104,Hybrid-Fixed,10.0,0.0,0.0,824.78,0.0,-0.0,100.0,32.0,0.0,0.0,False,824.7767;824.7767;824.7767;824.7767;824.7767,10;10;10;10;10
C1,C104,Hybrid-Rule,10.0,0.0,0.0,824.78,0.0,-0.0,100.0,27.9,0.0,0.0,False,824.7767;824.7767;824.7767;824.7767;824.7767,10;10;10;10;10
C1,C104,Hybrid-DDQN,10.0,0.0,0.0,824.78,0.0,-0.0,100.0,36.3,0.0,0.0,False,824.7767;824.7767;824.7767;824.7767;824.7767,10;10;10;10;10
C1,C104,GNN-Hybrid-DDQN,10.0,0.0,0.0,824.78,0.0,-0.0,100.0,38.1,0.0,0.0,False,824.7767;824.7767;824.7767;824.7767;824.7767,10;10;10;10;10
C1,C105,OR-Tools,,,,,,,,0.0,,,False,,
C1,C105,ALNS-Base,10.0,0.0,0.0,828.94,0.0,-0.0,100.0,14.9,0.0,0.0,False,828.9369;828.9369;828.9369;828.9369;828.9369,10;10;10;10;10
C1,C105,Hybrid-Fixed,10.0,0.0,0.0,828.94,0.0,-0.0,100.0,21.6,0.0,0.0,False,828.9369;828.9369;828.9369;828.9369;828.9369,10;10;10;10;10
C1,C105,Hybrid-Rule,10.0,0.0,0.0,828.94,0.0,-0.0,100.0,15.5,0.0,0.0,False,828.9369;828.9369;828.9369;828.9369;828.9369,10;10;10;10;10
C1,C105,Hybrid-DDQN,10.0,0.0,0.0,828.94,0.0,-0.0,100.0,30.5,0.0,0.0,False,828.9369;828.9369;828.9369;828.9369;828.9369,10;10;10;10;10
C1,C105,GNN-Hybrid-DDQN,10.0,0.0,0.0,828.94,0.0,-0.0,100.0,28.6,0.0,0.0,False,828.9369;828.9369;828.9369;828.9369;828.9369,10;10;10;10;10
C1,C106,OR-Tools,,,,,,,,0.0,,,False,,
C1,C106,ALNS-Base,10.0,0.0,0.0,828.94,0.0,-0.0,100.0,15.5,0.0,0.0,False,828.9369;828.9369;828.9369;828.9369;828.9369,10;10;10;10;10
C1,C106,Hybrid-Fixed,10.0,0.0,0.0,828.94,0.0,-0.0,100.0,21.8,0.0,0.0,False,828.9369;828.9369;828.9369;828.9369;828.9369,10;10;10;10;10
C1,C106,Hybrid-Rule,10.0,0.0,0.0,828.94,0.0,-0.0,100.0,15.4,0.0,0.0,False,828.9369;828.9369;828.9369;828.9369;828.9369,10;10;10;10;10
C1,C106,Hybrid-DDQN,10.0,0.0,0.0,828.94,0.0,-0.0,100.0,30.9,0.0,0.0,False,828.9369;828.9369;828.9369;828.9369;828.9369,10;10;10;10;10
C1,C106,GNN-Hybrid-DDQN,10.0,0.0,0.0,828.94,0.0,-0.0,100.0,30.7,0.0,0.0,False,828.9369;828.9369;828.9369;828.9369;828.9369,10;10;10;10;10
C1,C107,OR-Tools,,,,,,,,0.0,,,False,,
C1,C107,ALNS-Base,10.0,0.0,0.0,828.94,0.0,-0.0,100.0,10.1,0.0,0.0,False,828.9369;828.9369;828.9369;828.9369;828.9369,10;10;10;10;10
C1,C107,Hybrid-Fixed,10.0,0.0,0.0,828.94,0.0,-0.0,100.0,23.7,0.0,0.0,False,828.9369;828.9369;828.9369;828.9369;828.9369,10;10;10;10;10
C1,C107,Hybrid-Rule,10.0,0.0,0.0,828.94,0.0,-0.0,100.0,20.5,0.0,0.0,False,828.9369;828.9369;828.9369;828.9369;828.9369,10;10;10;10;10
C1,C107,Hybrid-DDQN,10.0,0.0,0.0,828.94,0.0,-0.0,100.0,33.6,0.0,0.0,False,828.9369;828.9369;828.9369;828.9369;828.9369,10;10;10;10;10
C1,C107,GNN-Hybrid-DDQN,10.0,0.0,0.0,828.94,0.0,-0.0,100.0,28.2,0.0,0.0,False,828.9369;828.9369;828.9369;828.9369;828.9369,10;10;10;10;10
C1,C108,OR-Tools,,,,,,,,0.0,,,False,,
C1,C108,ALNS-Base,10.0,0.0,0.0,828.94,0.0,-0.0,100.0,8.8,0.0,0.0,False,828.9369;828.9369;828.9369;828.9369;828.9369,10;10;10;10;10
C1,C108,Hybrid-Fixed,10.0,0.0,0.0,828.94,0.0,-0.0,100.0,26.0,0.0,0.0,False,828.9369;828.9369;828.9369;828.9369;828.9369,10;10;10;10;10
C1,C108,Hybrid-Rule,10.0,0.0,0.0,828.94,0.0,-0.0,100.0,26.8,0.0,0.0,False,828.9369;828.9369;828.9369;828.9369;828.9369,10;10;10;10;10
C1,C108,Hybrid-DDQN,10.0,0.0,0.0,828.94,0.0,-0.0,100.0,29.9,0.0,0.0,False,828.9369;828.9369;828.9369;828.9369;828.9369,10;10;10;10;10
C1,C108,GNN-Hybrid-DDQN,10.0,0.0,0.0,828.94,0.0,-0.0,100.0,32.3,0.0,0.0,False,828.9369;828.9369;828.9369;828.9369;828.9369,10;10;10;10;10
C1,C109,OR-Tools,,,,,,,,0.0,,,False,,
C1,C109,ALNS-Base,10.0,0.0,0.0,828.94,0.0,-0.0,100.0,5.2,0.0,0.0,False,828.9369;828.9369;828.9369;828.9369;828.9369,10;10;10;10;10
C1,C109,Hybrid-Fixed,10.0,0.0,0.0,828.94,0.0,-0.0,100.0,25.8,0.0,0.0,False,828.9369;828.9369;828.9369;828.9369;828.9369,10;10;10;10;10
C1,C109,Hybrid-Rule,10.0,0.0,0.0,828.94,0.0,-0.0,100.0,25.8,0.0,0.0,False,828.9369;828.9369;828.9369;828.9369;828.9369,10;10;10;10;10
C1,C109,Hybrid-DDQN,10.0,0.0,0.0,828.94,0.0,-0.0,100.0,34.0,0.0,0.0,False,828.9369;828.9369;828.9369;828.9369;828.9369,10;10;10;10;10
C1,C109,GNN-Hybrid-DDQN,10.0,0.0,0.0,828.94,0.0,-0.0,100.0,32.7,0.0,0.0,False,828.9369;828.9369;828.9369;828.9369;828.9369,10;10;10;10;10
C2,C201,OR-Tools,,,,,,,,0.0,,,False,,
C2,C201,ALNS-Base,3.0,0.0,0.0,591.56,0.0,-0.0,100.0,9.6,0.0,0.0,False,591.5566;591.5566;591.5566;591.5566;591.5566,3;3;3;3;3
C2,C201,Hybrid-Fixed,3.0,0.0,0.0,591.56,0.0,-0.0,100.0,17.6,0.0,0.0,False,591.5566;591.5566;591.5566;591.5566;591.5566,3;3;3;3;3
C2,C201,Hybrid-Rule,3.0,0.0,0.0,591.56,0.0,-0.0,100.0,16.7,0.0,0.0,False,591.5566;591.5566;591.5566;591.5566;591.5566,3;3;3;3;3
C2,C201,Hybrid-DDQN,3.0,0.0,0.0,591.56,0.0,-0.0,100.0,27.9,0.0,0.0,False,591.5566;591.5566;591.5566;591.5566;591.5566,3;3;3;3;3
C2,C201,GNN-Hybrid-DDQN,3.0,0.0,0.0,591.56,0.0,-0.0,100.0,31.4,0.0,0.0,False,591.5566;591.5566;591.5566;591.5566;591.5566,3;3;3;3;3
C2,C202,OR-Tools,,,,,,,,0.0,,,False,,
C2,C202,ALNS-Base,3.0,0.0,0.0,610.81,38.5,3.25,100.0,6.8,0.0,6.3,False,591.5566;591.5566;591.5566;687.7990;591.5566,3;3;3;3;3
C2,C202,Hybrid-Fixed,3.0,0.0,0.0,591.56,0.0,-0.0,100.0,22.3,0.0,0.0,False,591.5566;591.5566;591.5566;591.5566;591.5566,3;3;3;3;3
C2,C202,Hybrid-Rule,3.0,0.0,0.0,591.56,0.0,-0.0,100.0,21.8,0.0,0.0,False,591.5566;591.5566;591.5566;591.5566;591.5566,3;3;3;3;3
C2,C202,Hybrid-DDQN,3.0,0.0,0.0,591.56,0.0,-0.0,100.0,29.7,0.0,0.0,False,591.5566;591.5566;591.5566;591.5566;591.5566,3;3;3;3;3
C2,C202,GNN-Hybrid-DDQN,3.0,0.0,0.0,591.56,0.0,-0.0,100.0,29.7,0.0,0.0,False,591.5566;591.5566;591.5566;591.5566;591.5566,3;3;3;3;3
C2,C203,OR-Tools,,,,,,,,0.0,,,False,,
C2,C203,ALNS-Base,3.0,0.0,0.0,652.97,53.25,10.45,100.0,4.0,0.0,8.16,False,731.1436;591.1734;673.5963;594.8486;674.1002,3;3;3;3;3
C2,C203,Hybrid-Fixed,3.0,0.0,0.0,591.17,0.0,0.0,100.0,17.9,0.0,0.0,False,591.1734;591.1734;591.1734;591.1734;591.1734,3;3;3;3;3
C2,C203,Hybrid-Rule,3.0,0.0,0.0,591.17,0.0,0.0,100.0,19.8,0.0,0.0,False,591.1734;591.1734;591.1734;591.1734;591.1734,3;3;3;3;3
C2,C203,Hybrid-DDQN,3.0,0.0,0.0,591.17,0.0,0.0,100.0,28.9,0.0,0.0,False,591.1734;591.1734;591.1734;591.1734;591.1734,3;3;3;3;3
C2,C203,GNN-Hybrid-DDQN,3.0,0.0,0.0,592.98,3.61,0.31,100.0,35.8,0.0,0.61,False,591.1734;600.2061;591.1734;591.1734;591.1734,3;3;3;3;3
C2,C204,OR-Tools,,,,,,,,0.0,,,False,,
C2,C204,ALNS-Base,3.0,0.0,0.0,606.77,25.41,2.74,100.0,4.2,0.0,4.19,False,594.0674;594.0674;594.0674;594.0674;657.6003,3;3;3;3;3
C2,C204,Hybrid-Fixed,3.0,0.0,0.0,592.6,1.63,0.34,100.0,42.5,0.0,0.28,False,590.5987;593.9340;590.5987;593.9340;593.9340,3;3;3;3;3
C2,C204,Hybrid-Rule,3.0,0.0,0.0,593.96,0.05,0.57,100.0,43.0,0.0,0.01,False,594.0674;593.9340;593.9340;593.9340;593.9340,3;3;3;3;3
C2,C204,Hybrid-DDQN,3.0,0.0,0.0,593.27,1.33,0.45,100.0,33.4,0.0,0.22,False,593.9340;593.9340;593.9340;590.5987;593.9340,3;3;3;3;3
C2,C204,GNN-Hybrid-DDQN,3.0,0.0,0.0,593.79,1.89,0.54,100.0,26.8,0.0,0.32,False,593.9340;590.5987;593.9340;596.5545;593.9340,3;3;3;3;3
C2,C205,OR-Tools,,,,,,,,0.0,,,False,,
C2,C205,ALNS-Base,3.0,0.0,0.0,588.88,0.0,-0.0,100.0,3.6,0.0,0.0,False,588.8760;588.8760;588.8760;588.8760;588.8760,3;3;3;3;3
C2,C205,Hybrid-Fixed,3.0,0.0,0.0,588.88,0.0,-0.0,100.0,14.7,0.0,0.0,False,588.8760;588.8760;588.8760;588.8760;588.8760,3;3;3;3;3
C2,C205,Hybrid-Rule,3.0,0.0,0.0,588.88,0.0,-0.0,100.0,15.0,0.0,0.0,False,588.8760;588.8760;588.8760;588.8760;588.8760,3;3;3;3;3
C2,C205,Hybrid-DDQN,3.0,0.0,0.0,588.88,0.0,-0.0,100.0,27.2,0.0,0.0,False,588.8760;588.8760;588.8760;588.8760;588.8760,3;3;3;3;3
C2,C205,GNN-Hybrid-DDQN,3.0,0.0,0.0,588.88,0.0,-0.0,100.0,28.2,0.0,0.0,False,588.8760;588.8760;588.8760;588.8760;588.8760,3;3;3;3;3
C2,C206,OR-Tools,,,,,,,,0.0,,,False,,
C2,C206,ALNS-Base,3.0,0.0,0.0,588.49,0.0,0.0,100.0,4.0,0.0,0.0,False,588.4928;588.4928;588.4928;588.4928;588.4928,3;3;3;3;3
C2,C206,Hybrid-Fixed,3.0,0.0,0.0,588.49,0.0,0.0,100.0,17.2,0.0,0.0,False,588.4928;588.4928;588.4928;588.4928;588.4928,3;3;3;3;3
C2,C206,Hybrid-Rule,3.0,0.0,0.0,588.49,0.0,0.0,100.0,17.2,0.0,0.0,False,588.4928;588.4928;588.4928;588.4928;588.4928,3;3;3;3;3
C2,C206,Hybrid-DDQN,3.0,0.0,0.0,588.49,0.0,0.0,100.0,24.9,0.0,0.0,False,588.4928;588.4928;588.4928;588.4928;588.4928,3;3;3;3;3
C2,C206,GNN-Hybrid-DDQN,3.0,0.0,0.0,588.49,0.0,0.0,100.0,20.6,0.0,0.0,False,588.4928;588.4928;588.4928;588.4928;588.4928,3;3;3;3;3
C2,C207,OR-Tools,,,,,,,,0.0,,,False,,
C2,C207,ALNS-Base,3.0,0.0,0.0,588.29,0.0,-0.0,100.0,3.8,0.0,0.0,False,588.2863;588.2863;588.2863;588.2863;588.2863,3;3;3;3;3
C2,C207,Hybrid-Fixed,3.0,0.0,0.0,588.29,0.0,-0.0,100.0,18.8,0.0,0.0,False,588.2863;588.2863;588.2863;588.2863;588.2863,3;3;3;3;3
C2,C207,Hybrid-Rule,3.0,0.0,0.0,588.29,0.0,-0.0,100.0,15.6,0.0,0.0,False,588.2863;588.2863;588.2863;588.2863;588.2863,3;3;3;3;3
C2,C207,Hybrid-DDQN,3.0,0.0,0.0,588.29,0.0,-0.0,100.0,19.1,0.0,0.0,False,588.2863;588.2863;588.2863;588.2863;588.2863,3;3;3;3;3
C2,C207,GNN-Hybrid-DDQN,3.0,0.0,0.0,588.29,0.0,-0.0,100.0,18.4,0.0,0.0,False,588.2863;588.2863;588.2863;588.2863;588.2863,3;3;3;3;3
C2,C208,OR-Tools,,,,,,,,0.0,,,False,,
C2,C208,ALNS-Base,3.0,0.0,0.0,588.32,0.0,0.0,100.0,3.6,0.0,0.0,False,588.3238;588.3238;588.3238;588.3238;588.3238,3;3;3;3;3
C2,C208,Hybrid-Fixed,3.0,0.0,0.0,588.32,0.0,0.0,100.0,19.5,0.0,0.0,False,588.3238;588.3238;588.3238;588.3238;588.3238,3;3;3;3;3
C2,C208,Hybrid-Rule,3.0,0.0,0.0,588.32,0.0,0.0,100.0,18.4,0.0,0.0,False,588.3238;588.3238;588.3238;588.3238;588.3238,3;3;3;3;3
C2,C208,Hybrid-DDQN,3.0,0.0,0.0,588.32,0.0,0.0,100.0,19.2,0.0,0.0,False,588.3238;588.3238;588.3238;588.3238;588.3238,3;3;3;3;3
C2,C208,GNN-Hybrid-DDQN,3.0,0.0,0.0,588.32,0.0,0.0,100.0,16.3,0.0,0.0,False,588.3238;588.3238;588.3238;588.3238;588.3238,3;3;3;3;3
R1,R101,OR-Tools,,,,,,,,0.0,,,False,,
R1,R101,ALNS-Base,19.0,0.0,0.0,1666.57,5.6,0.96,100.0,9.2,0.0,0.34,False,1666.8543;1660.4633;1667.7416;1676.2183;1661.5613,19;19;19;19;19
R1,R101,Hybrid-Fixed,19.0,0.0,0.0,1650.8,0.0,-0.0,100.0,55.7,0.0,0.0,False,1650.7992;1650.7992;1650.7992;1650.7992;1650.7992,19;19;19;19;19
R1,R101,Hybrid-Rule,19.0,0.0,0.0,1650.8,0.0,-0.0,100.0,55.7,0.0,0.0,False,1650.7992;1650.7992;1650.7992;1650.7992;1650.7992,19;19;19;19;19
R1,R101,Hybrid-DDQN,19.0,0.0,0.0,1650.8,0.0,-0.0,100.0,55.7,0.0,0.0,False,1650.7992;1650.7992;1650.7992;1650.7992;1650.7992,19;19;19;19;19
R1,R101,GNN-Hybrid-DDQN,19.0,0.0,0.0,1650.8,0.0,-0.0,100.0,56.2,0.0,0.0,False,1650.7992;1650.7992;1650.7992;1650.7992;1650.7992,19;19;19;19;19
R1,R102,OR-Tools,,,,,,,,0.0,,,False,,
R1,R102,ALNS-Base,17.0,0.0,0.0,1503.14,5.46,1.15,100.0,5.9,0.0,0.36,False,1504.5776;1511.2428;1495.1351;1505.1894;1499.5586,17;17;17;17;17
R1,R102,Hybrid-Fixed,17.0,0.0,0.0,1486.36,0.48,0.02,100.0,54.5,0.0,0.03,False,1486.1195;1487.3143;1486.1195;1486.1195;1486.1195,17;17;17;17;17
R1,R102,Hybrid-Rule,17.0,0.0,0.0,1486.47,0.58,0.02,100.0,55.8,0.0,0.04,False,1487.6026;1486.4077;1486.1195;1486.1195;1486.1195,17;17;17;17;17
R1,R102,Hybrid-DDQN,17.0,0.0,0.0,1486.77,0.5,0.04,100.0,55.3,0.0,0.03,False,1487.6789;1486.4077;1486.4077;1486.9630;1486.4077,17;17;17;17;17
R1,R102,GNN-Hybrid-DDQN,17.0,0.0,0.0,1486.18,0.12,0.0,100.0,54.9,0.0,0.01,False,1486.1195;1486.1195;1486.1195;1486.4077;1486.1195,17;17;17;17;17
R1,R103,OR-Tools,,,,,,,,0.0,,,False,,
R1,R103,ALNS-Base,13.4,0.49,0.4,1283.34,42.92,-0.72,100.0,7.3,3.66,3.34,False,1333.3809;1311.0317;1308.2355;1226.6717;1237.4029,13;13;13;14;14
R1,R103,Hybrid-Fixed,13.0,0.0,0.0,1318.17,19.92,1.97,100.0,56.5,0.0,1.51,False,1342.0599;1315.7164;1295.6909;1339.9408;1297.4669,13;13;13;13;13
R1,R103,Hybrid-Rule,13.0,0.0,0.0,1309.07,17.13,1.27,100.0,56.2,0.0,1.31,False,1296.6628;1315.7164;1295.9425;1339.9408;1297.0942,13;13;13;13;13
R1,R103,Hybrid-DDQN,13.0,0.0,0.0,1335.67,23.32,3.33,100.0,57.8,0.0,1.75,False,1357.9636;1327.4710;1296.1137;1336.8569;1359.9324,13;13;13;13;13
R1,R103,GNN-Hybrid-DDQN,13.2,0.4,0.2,1300.22,42.81,0.58,100.0,57.7,3.03,3.29,False,1325.2504;1350.1170;1301.9663;1301.2864;1222.4741,13;13;13;13;14
R1,R104,OR-Tools,,,,,,,,0.0,,,False,,
R1,R104,ALNS-Base,10.0,0.0,1.0,1007.84,9.39,0.05,100.0,4.7,0.0,0.93,False,1002.0185;993.5163;1017.2787;1018.4467;1007.9274,10;10;10;10;10
R1,R104,Hybrid-Fixed,10.0,0.0,1.0,991.19,3.9,-1.6,100.0,60.2,0.0,0.39,True,996.6099;987.5254;988.5029;995.2300;988.1002,10;10;10;10;10
R1,R104,Hybrid-Rule,10.0,0.0,1.0,997.92,4.82,-0.93,100.0,60.1,0.0,0.48,True,1007.1398;994.3195;998.2634;995.2300;994.6518,10;10;10;10;10
R1,R104,Hybrid-DDQN,10.0,0.0,1.0,988.96,4.17,-1.82,100.0,60.0,0.0,0.42,True,990.7143;986.7185;987.6383;996.0142;983.7342,10;10;10;10;10
R1,R104,GNN-Hybrid-DDQN,10.0,0.0,1.0,991.17,9.2,-1.6,100.0,60.1,0.0,0.93,True,987.3558;986.7185;992.3866;1008.1616;981.2324,10;10;10;10;10
R1,R105,OR-Tools,,,,,,,,0.0,,,False,,
R1,R105,ALNS-Base,14.0,0.0,0.0,1390.93,13.86,1.0,100.0,13.4,0.0,1.0,False,1380.9056;1385.3149;1388.3698;1381.8888;1418.1482,14;14;14;14;14
R1,R105,Hybrid-Fixed,14.0,0.0,0.0,1386.53,8.7,0.68,100.0,54.9,0.0,0.63,False,1391.8223;1381.3710;1400.9696;1381.3710;1377.1110,14;14;14;14;14
R1,R105,Hybrid-Rule,14.2,0.4,0.2,1390.17,13.18,0.95,100.0,55.8,2.82,0.95,False,1385.0494;1377.1110;1408.3428;1403.2355;1377.1110,15;14;14;14;14
R1,R105,Hybrid-DDQN,14.2,0.4,0.2,1385.31,10.71,0.6,100.0,55.8,2.82,0.77,False,1403.4915;1377.1110;1391.7209;1377.1110;1377.1110,14;14;15;14;14
R1,R105,GNN-Hybrid-DDQN,14.0,0.0,0.0,1377.96,1.7,0.06,100.0,55.1,0.0,0.12,False,1377.1110;1377.1110;1381.3710;1377.1110;1377.1110,14;14;14;14;14
R1,R106,OR-Tools,,,,,,,,0.0,,,False,,
R1,R106,ALNS-Base,12.4,0.49,0.4,1275.74,16.05,1.89,100.0,10.7,3.95,1.26,False,1299.7489;1250.1310;1270.4946;1277.6768;1280.6593,12;13;12;12;13
R1,R106,Hybrid-Fixed,12.2,0.4,0.2,1276.01,13.36,1.91,100.0,59.5,3.28,1.05,False,1280.0323;1261.9449;1267.3405;1270.7053;1300.0056,13;12;12;12;12
R1,R106,Hybrid-Rule,12.0,0.0,0.0,1266.55,8.05,1.16,100.0,56.8,0.0,0.64,False,1262.8595;1261.9449;1267.3405;1281.7254;1258.8969,12;12;12;12;12
R1,R106,Hybrid-DDQN,12.4,0.49,0.4,1255.36,8.92,0.27,100.0,56.6,3.95,0.71,False,1250.6001;1263.6058;1261.5300;1239.9822;1261.0915,13;12;12;13;12
R1,R106,GNN-Hybrid-DDQN,12.2,0.4,0.2,1265.61,15.59,1.08,100.0,58.3,3.28,1.23,False,1292.5028;1259.7088;1244.5825;1268.4022;1262.8595,12;12;13;12;12
R1,R107,OR-Tools,,,,,,,,0.0,,,False,,
R1,R107,ALNS-Base,11.0,0.0,1.0,1098.12,9.37,-0.59,100.0,5.8,0.0,0.85,True,1091.3381;1110.5478;1094.1330;1086.7562;1107.8023,11;11;11;11;11
R1,R107,Hybrid-Fixed,10.4,0.49,0.4,1123.52,38.48,1.71,100.0,59.0,4.71,3.43,False,1128.4689;1086.9442;1191.2586;1125.4919;1085.4487,10;11;10;10;11
R1,R107,Hybrid-Rule,10.2,0.4,0.2,1136.14,33.78,2.85,100.0,59.1,3.92,2.97,False,1127.3215;1135.9169;1191.2586;1140.7634;1085.4487,10;10;10;10;11
R1,R107,Hybrid-DDQN,10.2,0.4,0.2,1120.4,22.94,1.42,100.0,58.4,3.92,2.05,False,1139.5685;1129.9013;1075.8035;1122.9613;1133.7561,10;10;11;10;10
R1,R107,GNN-Hybrid-DDQN,10.4,0.49,0.4,1111.11,25.33,0.58,100.0,58.5,4.71,2.28,False,1141.9496;1086.8089;1133.0078;1077.1252;1116.6552,10;11;10;11;10
R1,R108,OR-Tools,,,,,,,,0.0,,,False,,
R1,R108,ALNS-Base,10.0,0.0,1.0,979.62,5.48,1.95,100.0,5.1,0.0,0.56,False,982.5210;975.8162;970.7556;983.8268;985.1640,10;10;10;10;10
R1,R108,Hybrid-Fixed,9.2,0.4,0.2,981.6,16.65,2.16,100.0,57.4,4.35,1.7,False,985.6834;1001.9814;960.8758;963.6433;995.8054,9;9;9;10;9
R1,R108,Hybrid-Rule,9.4,0.49,0.4,976.0,21.26,1.57,100.0,57.5,5.21,2.18,False,1001.2722;1001.9814;960.8758;963.6433;952.2306,9;9;9;10;10
R1,R108,Hybrid-DDQN,9.6,0.49,0.6,960.58,4.82,-0.03,100.0,58.6,5.1,0.5,True,955.0310;968.8238;960.8758;956.5572;961.5878,10;9;9;10;10
R1,R108,GNN-Hybrid-DDQN,9.2,0.4,0.2,978.53,12.23,1.84,100.0,57.7,4.35,1.25,False,977.2016;989.6882;957.4951;991.7676;976.4982,9;9;10;9;9
R1,R109,OR-Tools,,,,,,,,0.0,,,False,,
R1,R109,ALNS-Base,12.0,0.0,1.0,1169.79,5.64,-2.09,100.0,12.2,0.0,0.48,True,1159.4959;1169.1363;1174.2361;1170.6245;1175.4546,12;12;12;12;12
R1,R109,Hybrid-Fixed,12.0,0.0,1.0,1161.85,4.59,-2.75,100.0,60.4,0.0,0.4,True,1166.1077;1154.5514;1165.6973;1164.5152;1158.3646,12;12;12;12;12
R1,R109,Hybrid-Rule,11.8,0.4,0.8,1188.61,57.15,-0.51,100.0,60.3,3.39,4.81,True,1302.6594;1167.0635;1155.5304;1159.4317;1158.3646,11;12;12;12;12
R1,R109,Hybrid-DDQN,12.2,0.4,1.2,1162.17,10.41,-2.73,100.0,60.6,3.28,0.9,True,1181.9766;1162.9579;1154.5888;1157.4336;1153.8932,13;12;12;12;12
R1,R109,GNN-Hybrid-DDQN,12.0,0.0,1.0,1160.88,5.0,-2.83,100.0,60.3,0.0,0.43,True,1160.1273;1168.0046;1157.3370;1164.8145;1154.1292,12;12;12;12;12
R1,R110,OR-Tools,,,,,,,,0.0,,,False,,
R1,R110,ALNS-Base,11.0,0.0,1.0,1118.79,10.89,-0.0,100.0,11.6,0.0,0.97,True,1104.4109;1123.3800;1128.0473;1107.2295;1130.8661,11;11;11;11;11
R1,R110,Hybrid-Fixed,11.0,0.0,1.0,1106.52,13.38,-1.1,100.0,60.3,0.0,1.21,True,1131.4835;1109.3170;1097.6599;1095.2302;1098.9176,11;11;11;11;11
R1,R110,Hybrid-Rule,11.0,0.0,1.0,1105.46,15.03,-1.2,100.0,60.1,0.0,1.36,True,1131.4835;1109.3170;1092.1008;1089.3653;1105.0372,11;11;11;11;11
R1,R110,Hybrid-DDQN,11.0,0.0,1.0,1099.13,8.46,-1.76,100.0,60.2,0.0,0.77,True,1099.9001;1100.9094;1091.1136;1090.1193;1113.5870,11;11;11;11;11
R1,R110,GNN-Hybrid-DDQN,11.0,0.0,1.0,1100.28,3.17,-1.66,100.0,60.2,0.0,0.29,True,1098.7815;1101.2599;1098.6283;1105.9470;1096.7889,11;11;11;11;11
R1,R111,OR-Tools,,,,,,,,0.0,,,False,,
R1,R111,ALNS-Base,11.0,0.0,1.0,1073.01,4.93,-2.16,100.0,9.1,0.0,0.46,True,1080.2534;1068.1651;1068.3779;1077.4123;1070.8516,11;11;11;11;11
R1,R111,Hybrid-Fixed,10.8,0.4,0.8,1094.71,44.92,-0.18,100.0,59.7,3.7,4.1,True,1104.8003;1062.0077;1062.3155;1178.5856;1065.8431,11;11;11;10;11
R1,R111,Hybrid-Rule,10.8,0.4,0.8,1094.4,45.12,-0.21,100.0,59.8,3.7,4.12,True,1104.8003;1062.0077;1062.6115;1178.5856;1064.0146,11;11;11;10;11
R1,R111,Hybrid-DDQN,10.6,0.49,0.6,1102.62,37.88,0.54,100.0,58.6,4.62,3.44,False,1103.7155;1172.6669;1067.1975;1071.1197;1098.3948,11;10;11;11;10
R1,R111,GNN-Hybrid-DDQN,10.6,0.49,0.6,1093.78,32.89,-0.27,100.0,58.0,4.62,3.01,True,1114.5421;1072.2180;1071.1197;1062.3749;1148.6595,10;11;11;11;10
R1,R112,OR-Tools,,,,,,,,0.0,,,False,,
R1,R112,ALNS-Base,10.0,0.0,1.0,974.12,4.9,-0.82,100.0,12.9,0.0,0.5,True,969.9626;976.6008;967.0680;980.5505;976.4386,10;10;10;10;10
R1,R112,Hybrid-Fixed,10.0,0.0,1.0,970.21,5.46,-1.21,100.0,60.3,0.0,0.56,True,969.4888;971.4121;971.2788;960.9383;977.9532,10;10;10;10;10
R1,R112,Hybrid-Rule,10.0,0.0,1.0,965.74,9.13,-1.67,100.0,60.1,0.0,0.95,True,969.0541;953.6345;971.2788;956.7908;977.9318,10;10;10;10;10
R1,R112,Hybrid-DDQN,10.0,0.0,1.0,965.15,5.82,-1.73,100.0,60.2,0.0,0.6,True,965.8194;956.8169;966.4400;962.1148;974.5534,10;10;10;10;10
R1,R112,GNN-Hybrid-DDQN,10.0,0.0,1.0,968.24,3.51,-1.42,100.0,60.4,0.0,0.36,True,971.2068;969.2443;964.4306;972.4776;963.8405,10;10;10;10;10
RC1,RC101,OR-Tools,,,,,,,,0.0,,,False,,
RC1,RC101,ALNS-Base,15.0,0.0,1.0,1671.5,22.3,-1.5,100.0,11.5,0.0,1.33,True,1706.8193;1649.4097;1646.8810;1683.5563;1670.8478,15;15;15;15;15
RC1,RC101,Hybrid-Fixed,14.6,0.49,0.6,1670.54,31.45,-1.56,100.0,58.8,3.36,1.88,True,1708.1483;1656.4890;1635.1061;1644.8003;1708.1483,14;15;15;15;14
RC1,RC101,Hybrid-Rule,15.0,0.0,1.0,1649.43,6.08,-2.8,100.0,60.0,0.0,0.37,True,1641.2042;1648.5037;1656.3215;1656.3215;1644.8003,15;15;15;15;15
RC1,RC101,Hybrid-DDQN,15.0,0.0,1.0,1646.55,12.38,-2.97,100.0,60.0,0.0,0.75,True,1645.8966;1656.3215;1644.8003;1660.7686;1624.9746,15;15;15;15;15
RC1,RC101,GNN-Hybrid-DDQN,14.8,0.4,0.8,1655.51,31.04,-2.44,100.0,59.2,2.7,1.87,True,1628.6780;1639.4250;1702.4191;1682.0655;1624.9746,15;15;14;15;15
RC1,RC102,OR-Tools,,,,,,,,0.0,,,False,,
RC1,RC102,ALNS-Base,13.2,0.4,1.2,1514.04,13.34,-2.62,100.0,10.3,3.03,0.88,True,1500.4135;1519.2890;1501.0456;1536.5513;1512.8954,13;13;14;13;13
RC1,RC102,Hybrid-Fixed,13.2,0.4,1.2,1507.23,17.12,-3.06,100.0,60.2,3.03,1.14,True,1496.6977;1541.1695;1501.1111;1501.4307;1495.7363,13;13;13;13;14
RC1,RC102,Hybrid-Rule,13.4,0.8,1.4,1514.18,41.7,-2.61,100.0,59.5,5.97,2.75,True,1487.0721;1596.9755;1489.6820;1501.4307;1495.7363,14;12;14;13;14
RC1,RC102,Hybrid-DDQN,13.0,0.63,1.0,1505.18,30.85,-3.19,100.0,59.2,4.87,2.05,True,1479.6819;1477.5420;1559.3615;1490.3866;1518.9330,14;13;12;13;13
RC1,RC102,GNN-Hybrid-DDQN,13.0,0.89,1.0,1511.16,35.84,-2.8,100.0,58.9,6.88,2.37,True,1554.8373;1489.1816;1554.7472;1477.6431;1479.4045,12;14;12;13;14
RC1,RC103,OR-Tools,,,,,,,,0.0,,,False,,
RC1,RC103,ALNS-Base,11.0,0.0,0.0,1305.0,16.27,3.43,100.0,11.8,0.0,1.25,False,1300.6034;1333.9164;1306.7600;1299.5861;1284.1134,11;11;11;11;11
RC1,RC103,Hybrid-Fixed,11.2,0.4,0.2,1277.8,16.49,1.28,100.0,55.7,3.57,1.29,False,1309.1093;1264.5923;1270.1533;1265.7976;1279.3568,12;11;11;11;11
RC1,RC103,Hybrid-Rule,11.2,0.4,0.2,1279.9,11.65,1.44,100.0,55.9,3.57,0.91,False,1300.5908;1280.2992;1274.0191;1265.2356;1279.3568,12;11;11;11;11
RC1,RC103,Hybrid-DDQN,11.0,0.0,0.0,1279.41,10.19,1.41,100.0,56.1,0.0,0.8,False,1294.8239;1269.9552;1267.1624;1285.9377;1279.1894,11;11;11;11;11
RC1,RC103,GNN-Hybrid-DDQN,11.2,0.4,0.2,1287.47,21.87,2.04,100.0,58.5,3.57,1.7,False,1263.5394;1279.3670;1267.5697;1315.5572;1311.3179,11;11;11;11;12
RC1,RC104,OR-Tools,,,,,,,,0.0,,,False,,
RC1,RC104,ALNS-Base,10.0,0.0,0.0,1151.78,6.34,1.44,100.0,7.9,0.0,0.55,False,1140.5380;1151.9933;1160.0728;1152.1186;1154.1761,10;10;10;10;10
RC1,RC104,Hybrid-Fixed,10.0,0.0,0.0,1141.57,10.45,0.54,100.0,54.9,0.0,0.92,False,1162.3833;1138.1307;1135.5210;1135.5210;1136.2769,10;10;10;10;10
RC1,RC104,Hybrid-Rule,10.0,0.0,0.0,1140.27,8.18,0.42,100.0,55.1,0.0,0.72,False,1156.5836;1135.8480;1135.8324;1137.2493;1135.8324,10;10;10;10;10
RC1,RC104,Hybrid-DDQN,10.0,0.0,0.0,1136.18,0.85,0.06,100.0,55.7,0.0,0.07,False,1137.8570;1135.5210;1135.8324;1135.8480;1135.8324,10;10;10;10;10
RC1,RC104,GNN-Hybrid-DDQN,10.2,0.4,0.2,1158.74,33.77,2.05,100.0,57.1,3.92,2.91,False,1135.5210;1137.2493;1223.4816;1136.2677;1161.1658,10;10;11;10;10
RC1,RC105,OR-Tools,,,,,,,,0.0,,,False,,
RC1,RC105,ALNS-Base,14.0,0.0,1.0,1583.8,10.86,-2.8,100.0,11.6,0.0,0.69,True,1590.5720;1591.5190;1585.4397;1562.4755;1589.0178,14;14;14;14;14
RC1,RC105,Hybrid-Fixed,13.8,0.4,0.8,1588.65,65.46,-2.5,100.0,58.9,2.9,4.12,True,1714.7379;1553.3775;1542.2693;1590.3559;1542.5305,13;14;14;14;14
RC1,RC105,Hybrid-Rule,13.6,0.49,0.6,1611.52,84.18,-1.1,100.0,58.5,3.6,5.22,True,1756.8450;1657.0172;1554.4033;1549.1593;1540.1814,13;13;14;14;14
RC1,RC105,Hybrid-DDQN,14.2,0.4,1.2,1548.06,6.36,-4.99,100.0,60.0,2.82,0.41,True,1545.7096;1545.1165;1559.0743;1550.2124;1540.1814,14;14;15;14;14
RC1,RC105,GNN-Hybrid-DDQN,13.6,0.49,0.6,1625.12,101.02,-0.27,100.0,58.2,3.6,6.22,True,1550.1885;1791.0246;1695.1480;1541.2028;1548.0156,14;13;13;14;14
RC1,RC106,OR-Tools,,,,,,,,0.0,,,False,,
RC1,RC106,ALNS-Base,12.6,0.49,1.6,1404.5,10.33,-1.42,100.0,11.5,3.89,0.74,True,1397.9218;1403.0251;1415.7713;1416.2165;1389.5483,13;13;12;13;12
RC1,RC106,Hybrid-Fixed,12.2,0.4,1.2,1413.2,29.77,-0.81,100.0,60.6,3.28,2.11,True,1384.1285;1385.1201;1421.7028;1465.2884;1409.7832,12;12;12;12;13
RC1,RC106,Hybrid-Rule,12.4,0.49,1.4,1394.84,11.13,-2.1,100.0,60.2,3.95,0.8,True,1380.0607;1412.6955;1393.1025;1387.9272;1400.4216,13;12;12;12;13
RC1,RC106,Hybrid-DDQN,12.2,0.4,1.2,1386.32,1.41,-2.7,100.0,60.2,3.28,0.1,True,1383.8979;1385.9213;1386.7856;1386.7856;1388.1867,12;12;12;12;13
RC1,RC106,GNN-Hybrid-DDQN,12.0,0.0,1.0,1389.09,9.81,-2.5,100.0,60.0,0.0,0.71,True,1377.4278;1403.6975;1381.6599;1397.0776;1385.5634,12;12;12;12;12
RC1,RC107,OR-Tools,,,,,,,,0.0,,,False,,
RC1,RC107,ALNS-Base,11.2,0.4,0.2,1274.59,10.54,3.58,100.0,11.0,3.57,0.83,False,1259.2684;1285.2103;1271.1555;1269.6147;1287.6844,11;11;11;12;11
RC1,RC107,Hybrid-Fixed,11.2,0.4,0.2,1249.73,21.16,1.56,100.0,55.8,3.57,1.69,False,1236.2793;1239.5849;1241.9540;1238.9089;1291.8982,11;11;11;12;11
RC1,RC107,Hybrid-Rule,11.0,0.0,0.0,1245.27,8.97,1.2,100.0,58.2,0.0,0.72,False,1236.0762;1258.3235;1234.2852;1247.9269;1249.7163,11;11;11;11;11
RC1,RC107,Hybrid-DDQN,11.0,0.0,0.0,1246.27,17.36,1.28,100.0,55.7,0.0,1.39,False,1279.4584;1243.6728;1243.6728;1232.2624;1232.2624,11;11;11;11;11
RC1,RC107,GNN-Hybrid-DDQN,11.0,0.0,0.0,1243.45,18.22,1.05,100.0,55.8,0.0,1.47,False,1232.2624;1232.2624;1279.2192;1241.2558;1232.2624,11;11;11;11;11
RC1,RC108,OR-Tools,,,,,,,,0.0,,,False,,
RC1,RC108,ALNS-Base,11.0,0.0,1.0,1143.29,2.49,0.3,100.0,11.4,0.0,0.22,False,1141.6801;1145.2202;1140.0678;1146.9784;1142.5118,11;11;11;11;11
RC1,RC108,Hybrid-Fixed,10.8,0.4,0.8,1143.22,12.51,0.3,100.0,60.0,3.7,1.09,False,1143.8578;1134.8469;1133.2543;1136.9889;1167.1698,11;11;11;11;10
RC1,RC108,Hybrid-Rule,10.8,0.4,0.8,1148.28,21.63,0.74,100.0,60.0,3.7,1.88,False,1139.2889;1134.8469;1135.8691;1140.0583;1191.3534,11;11;11;11;10
RC1,RC108,Hybrid-DDQN,10.6,0.49,0.6,1152.06,29.2,1.07,100.0,59.2,4.62,2.53,False,1123.2576;1135.7341;1164.4027;1133.2543;1203.6410,11;11;10;11;10
RC1,RC108,GNN-Hybrid-DDQN,11.0,0.0,1.0,1135.26,0.5,-0.4,100.0,60.1,0.0,0.04,True,1135.8691;1135.8691;1134.8469;1134.8469;1134.8469,11;11;11;11;11
R2,R201,OR-Tools,,,,,,,,0.0,,,False,,
R2,R201,ALNS-Base,4.0,0.0,0.0,1275.52,9.17,1.85,100.0,4.2,0.0,0.72,False,1275.3441;1292.5526;1265.6767;1269.8925;1274.1445,4;4;4;4;4
R2,R201,Hybrid-Fixed,4.0,0.0,0.0,1258.91,3.88,0.52,100.0,60.5,0.0,0.31,False,1260.9268;1258.1291;1258.9340;1264.1805;1252.3712,4;4;4;4;4
R2,R201,Hybrid-Rule,4.0,0.0,0.0,1256.29,2.99,0.31,100.0,60.1,0.0,0.24,False,1253.8024;1258.1291;1260.7247;1256.4375;1252.3712,4;4;4;4;4
R2,R201,Hybrid-DDQN,4.0,0.0,0.0,1260.71,3.59,0.67,100.0,60.7,0.0,0.28,False,1264.1805;1258.9049;1254.6937;1264.1805;1261.5767,4;4;4;4;4
R2,R201,GNN-Hybrid-DDQN,4.0,0.0,0.0,1258.85,7.34,0.52,100.0,60.1,0.0,0.58,False,1252.3712;1254.5652;1264.4225;1252.3712;1270.4975,4;4;4;4;4
R2,R202,OR-Tools,,,,,,,,0.0,,,False,,
R2,R202,ALNS-Base,4.0,0.0,1.0,1117.22,3.5,-6.25,100.0,4.3,0.0,0.31,True,1121.3452;1111.8155;1114.6321;1118.4954;1119.7966,4;4;4;4;4
R2,R202,Hybrid-Fixed,4.0,0.0,1.0,1096.56,6.74,-7.98,100.0,60.4,0.0,0.61,True,1092.2984;1089.1777;1096.6701;1095.6918;1108.9592,4;4;4;4;4
R2,R202,Hybrid-Rule,4.0,0.0,1.0,1100.28,6.02,-7.67,100.0,60.3,0.0,0.55,True,1092.2984;1104.8063;1099.6432;1095.6918;1108.9592,4;4;4;4;4
R2,R202,Hybrid-DDQN,4.0,0.0,1.0,1099.58,8.51,-7.73,100.0,60.3,0.0,0.77,True,1097.4003;1102.6651;1104.3566;1084.3145;1109.1719,4;4;4;4;4
R2,R202,GNN-Hybrid-DDQN,4.0,0.0,1.0,1101.49,8.79,-7.57,100.0,60.6,0.0,0.8,True,1112.0603;1087.9923;1098.8596;1098.3406;1110.1912,4;4;4;4;4
R2,R203,OR-Tools,,,,,,,,0.0,,,False,,
R2,R203,ALNS-Base,3.0,0.0,0.0,966.66,7.42,2.89,100.0,4.3,0.0,0.77,False,977.2347;965.0389;965.5622;954.7017;970.7634,3;3;3;3;3
R2,R203,Hybrid-Fixed,3.0,0.0,0.0,955.06,4.69,1.66,100.0,60.0,0.0,0.49,False,955.2999;954.1557;949.8072;952.3355;963.6799,3;3;3;3;3
R2,R203,Hybrid-Rule,3.0,0.0,0.0,952.93,5.49,1.43,100.0,60.1,0.0,0.58,False,948.8317;950.0132;949.8072;952.3355;963.6799,3;3;3;3;3
R2,R203,Hybrid-DDQN,3.0,0.0,0.0,960.05,10.55,2.19,100.0,60.1,0.0,1.1,False,956.7098;954.0749;980.9284;952.3355;956.2166,3;3;3;3;3
R2,R203,GNN-Hybrid-DDQN,3.0,0.0,0.0,960.34,5.74,2.22,100.0,60.1,0.0,0.6,False,958.7507;967.5575;950.3494;961.8138;963.2123,3;3;3;3;3
R2,R204,OR-Tools,,,,,,,,0.0,,,False,,
R2,R204,ALNS-Base,2.6,0.49,0.6,806.59,50.09,-2.29,100.0,4.7,18.84,6.21,True,763.0672;865.8249;869.8752;770.2032;763.9962,3;2;2;3;3
R2,R204,Hybrid-Fixed,2.6,0.49,0.6,805.52,55.28,-2.42,100.0,60.1,18.84,6.86,True,891.1115;759.4310;851.6541;758.6619;766.7188,2;3;2;3;3
R2,R204,Hybrid-Rule,2.6,0.49,0.6,804.42,53.6,-2.56,100.0,60.1,18.84,6.66,True,885.6392;759.4310;851.6541;758.6619;766.7188,2;3;2;3;3
R2,R204,Hybrid-DDQN,2.8,0.4,0.8,780.33,40.48,-5.47,100.0,60.1,14.29,5.19,True,757.4063;759.4310;762.8180;760.7650;861.2189,3;3;3;3;2
R2,R204,GNN-Hybrid-DDQN,2.2,0.4,0.2,834.94,38.89,1.14,100.0,61.2,18.18,4.66,False,839.7827;859.6469;851.2632;759.0345;864.9687,2;2;2;3;2
R2,R205,OR-Tools,,,,,,,,0.0,,,False,,
R2,R205,ALNS-Base,3.0,0.0,0.0,1056.96,10.96,6.29,100.0,4.8,0.0,1.04,False,1064.7453;1057.2344;1035.8867;1065.8496;1061.0894,3;3;3;3;3
R2,R205,Hybrid-Fixed,3.0,0.0,0.0,1043.51,9.99,4.94,100.0,60.1,0.0,0.96,False,1038.7496;1041.7663;1061.5102;1031.2973;1044.2189,3;3;3;3;3
R2,R205,Hybrid-Rule,3.0,0.0,0.0,1043.45,9.67,4.93,100.0,60.1,0.0,0.93,False,1038.7496;1033.3643;1061.5102;1039.3897;1044.2189,3;3;3;3;3
R2,R205,Hybrid-DDQN,3.0,0.0,0.0,1031.67,16.36,3.75,100.0,60.1,0.0,1.59,False,1026.4739;1040.3130;1052.6762;1003.6852;1035.2110,3;3;3;3;3
R2,R205,GNN-Hybrid-DDQN,3.0,0.0,0.0,1020.19,14.19,2.59,100.0,60.0,0.0,1.39,False,1007.8262;1032.8569;1027.4882;998.9122;1033.8777,3;3;3;3;3
R2,R206,OR-Tools,,,,,,,,0.0,,,False,,
R2,R206,ALNS-Base,3.0,0.0,0.0,941.79,11.11,3.93,100.0,4.3,0.0,1.18,False,929.0599;959.0160;938.2129;932.8096;949.8366,3;3;3;3;3
R2,R206,Hybrid-Fixed,3.0,0.0,0.0,929.57,17.17,2.59,100.0,60.4,0.0,1.85,False,918.3099;915.2772;962.7932;923.6182;927.8615,3;3;3;3;3
R2,R206,Hybrid-Rule,3.0,0.0,0.0,933.65,15.75,3.04,100.0,60.1,0.0,1.69,False,933.1087;915.2772;962.7932;929.1942;927.8615,3;3;3;3;3
R2,R206,Hybrid-DDQN,3.0,0.0,0.0,927.77,11.84,2.39,100.0,60.0,0.0,1.28,False,915.4092;949.2780;918.6359;926.7331;928.8060,3;3;3;3;3
R2,R206,GNN-Hybrid-DDQN,3.0,0.0,0.0,932.96,4.0,2.96,100.0,60.1,0.0,0.43,False,939.8814;932.9297;930.6290;927.8221;933.5493,3;3;3;3;3
R2,R207,OR-Tools,,,,,,,,0.0,,,False,,
R2,R207,ALNS-Base,3.0,0.0,1.0,829.75,9.99,-6.83,100.0,4.6,0.0,1.2,True,825.3592;841.2311;842.0844;818.0866;821.9920,3;3;3;3;3
R2,R207,Hybrid-Fixed,2.8,0.4,0.8,837.88,36.62,-5.92,100.0,60.0,14.29,4.37,True,817.9975;820.3557;825.2627;910.8079;814.9874,3;3;3;2;3
R2,R207,Hybrid-Rule,3.0,0.0,1.0,820.76,3.68,-7.84,100.0,60.1,0.0,0.45,True,817.9975;820.3557;825.2627;824.4880;815.6752,3;3;3;3;3
R2,R207,Hybrid-DDQN,3.0,0.0,1.0,821.35,6.59,-7.78,100.0,60.0,0.0,0.8,True,814.9874;829.4486;828.6746;819.6825;813.9602,3;3;3;3;3
R2,R207,GNN-Hybrid-DDQN,3.0,0.0,1.0,821.18,4.32,-7.8,100.0,61.3,0.0,0.53,True,815.2564;824.6062;821.9667;826.7512;817.3440,3;3;3;3;3
R2,R208,OR-Tools,,,,,,,,0.0,,,False,,
R2,R208,ALNS-Base,2.0,0.0,0.0,744.07,2.34,2.37,100.0,4.5,0.0,0.31,False,743.5686;741.4157;745.2417;747.9499;742.1871,2;2;2;2;2
R2,R208,Hybrid-Fixed,2.0,0.0,0.0,742.24,1.34,2.12,100.0,60.1,0.0,0.18,False,743.8487;743.4059;741.5000;742.3114;740.1306,2;2;2;2;2
R2,R208,Hybrid-Rule,2.0,0.0,0.0,742.24,1.34,2.12,100.0,60.1,0.0,0.18,False,743.8487;743.4059;741.5000;742.3114;740.1306,2;2;2;2;2
R2,R208,Hybrid-DDQN,2.0,0.0,0.0,744.58,4.93,2.44,100.0,60.1,0.0,0.66,False,746.3873;742.9875;753.2353;739.3094;740.9719,2;2;2;2;2
R2,R208,GNN-Hybrid-DDQN,2.0,0.0,0.0,739.34,2.47,1.72,100.0,60.1,0.0,0.33,False,738.9976;738.7345;737.9367;744.0630;736.9471,2;2;2;2;2
R2,R209,OR-Tools,,,,,,,,0.0,,,False,,
R2,R209,ALNS-Base,3.0,0.0,0.0,956.94,12.63,5.26,100.0,4.4,0.0,1.32,False,978.8291;961.6913;952.6230;949.5094;942.0535,3;3;3;3;3
R2,R209,Hybrid-Fixed,3.0,0.0,0.0,940.03,12.57,3.4,100.0,60.1,0.0,1.34,False,931.1885;947.0296;961.0086;934.8997;926.0217,3;3;3;3;3
R2,R209,Hybrid-Rule,3.0,0.0,0.0,937.4,16.01,3.11,100.0,60.1,0.0,1.71,False,916.0874;949.0072;961.0086;934.8997;926.0217,3;3;3;3;3
R2,R209,Hybrid-DDQN,3.0,0.0,0.0,935.32,10.66,2.88,100.0,60.1,0.0,1.14,False,930.1470;921.7353;952.7052;930.8126;941.1777,3;3;3;3;3
R2,R209,GNN-Hybrid-DDQN,3.0,0.0,0.0,932.97,10.87,2.62,100.0,60.1,0.0,1.17,False,930.8823;935.5506;934.1322;949.1398;915.1609,3;3;3;3;3
R2,R210,OR-Tools,,,,,,,,0.0,,,False,,
R2,R210,ALNS-Base,3.0,0.0,0.0,977.83,5.52,4.09,100.0,4.2,0.0,0.56,False,978.2728;984.1092;970.3757;983.5356;972.8538,3;3;3;3;3
R2,R210,Hybrid-Fixed,3.0,0.0,0.0,965.81,6.74,2.81,100.0,60.1,0.0,0.7,False,970.9016;964.1800;953.4700;972.1400;968.3599,3;3;3;3;3
R2,R210,Hybrid-Rule,3.0,0.0,0.0,965.81,6.74,2.81,100.0,60.1,0.0,0.7,False,970.9016;964.1800;953.4700;972.1400;968.3599,3;3;3;3;3
R2,R210,Hybrid-DDQN,3.0,0.0,0.0,965.4,9.11,2.77,100.0,60.1,0.0,0.94,False,974.3621;962.8239;949.8450;965.2653;974.6790,3;3;3;3;3
R2,R210,GNN-Hybrid-DDQN,3.0,0.0,0.0,960.8,12.21,2.28,100.0,60.1,0.0,1.27,False,966.8304;980.9069;959.2137;947.8824;949.1830,3;3;3;3;3
R2,R211,OR-Tools,,,,,,,,0.0,,,False,,
R2,R211,ALNS-Base,3.0,0.0,1.0,818.09,7.66,-7.63,100.0,4.9,0.0,0.94,True,806.9838;815.9401;820.2874;830.6792;816.5805,3;3;3;3;3
R2,R211,Hybrid-Fixed,3.0,0.0,1.0,802.4,14.33,-9.41,100.0,60.1,0.0,1.79,True,805.4519;793.6701;823.3463;808.6783;780.8681,3;3;3;3;3
R2,R211,Hybrid-Rule,3.0,0.0,1.0,806.53,14.2,-8.94,100.0,60.1,0.0,1.76,True,805.4519;814.3260;823.3463;808.6783;780.8681,3;3;3;3;3
R2,R211,Hybrid-DDQN,3.0,0.0,1.0,793.89,6.2,-10.37,100.0,60.0,0.0,0.78,True,784.8058;802.2539;791.2312;791.8807;799.2627,3;3;3;3;3
R2,R211,GNN-Hybrid-DDQN,3.0,0.0,1.0,804.23,18.25,-9.2,100.0,60.7,0.0,2.27,True,832.0142;798.6371;776.0246;802.3683;812.1173,3;3;3;3;3
RC2,RC201,OR-Tools,,,,,,,,0.0,,,False,,
RC2,RC201,ALNS-Base,4.0,0.0,0.0,1459.72,14.76,3.75,100.0,4.0,0.0,1.01,False,1458.4533;1462.4338;1470.3572;1432.5352;1474.8320,4;4;4;4;4
RC2,RC201,Hybrid-Fixed,4.0,0.0,0.0,1445.07,14.65,2.71,100.0,60.2,0.0,1.01,False,1446.4487;1445.7574;1420.0710;1446.9674;1466.1153,4;4;4;4;4
RC2,RC201,Hybrid-Rule,4.0,0.0,0.0,1448.21,16.08,2.93,100.0,60.4,0.0,1.11,False,1446.4487;1461.4569;1420.0710;1446.9674;1466.1153,4;4;4;4;4
RC2,RC201,Hybrid-DDQN,4.0,0.0,0.0,1447.92,6.28,2.91,100.0,60.2,0.0,0.43,False,1446.4487;1444.2158;1446.4487;1460.1111;1442.3719,4;4;4;4;4
RC2,RC201,GNN-Hybrid-DDQN,4.0,0.0,0.0,1425.02,13.57,1.29,100.0,60.2,0.0,0.95,False,1413.5179;1439.2130;1443.8530;1414.9991;1413.5179,4;4;4;4;4
RC2,RC202,OR-Tools,,,,,,,,0.0,,,False,,
RC2,RC202,ALNS-Base,4.0,0.0,1.0,1213.16,27.37,-11.17,100.0,4.3,0.0,2.26,True,1245.2381;1196.3917;1245.7227;1178.5178;1199.9357,4;4;4;4;4
RC2,RC202,Hybrid-Fixed,4.0,0.0,1.0,1172.02,7.96,-14.18,100.0,60.3,0.0,0.68,True,1171.9764;1178.1441;1165.5697;1161.2876;1183.1006,4;4;4;4;4
RC2,RC202,Hybrid-Rule,4.0,0.0,1.0,1182.46,22.34,-13.41,100.0,60.6,0.0,1.89,True,1224.1954;1178.1441;1165.5697;1161.2876;1183.1006,4;4;4;4;4
RC2,RC202,Hybrid-DDQN,4.0,0.0,1.0,1161.5,0.26,-14.95,100.0,60.6,0.0,0.02,True,1161.2876;1161.7897;1161.8300;1161.2876;1161.2876,4;4;4;4;4
RC2,RC202,GNN-Hybrid-DDQN,3.8,0.4,0.8,1249.99,166.72,-8.47,100.0,60.3,10.53,13.34,True,1583.0072;1161.2876;1161.2876;1161.2876;1183.1006,3;4;4;4;4
RC2,RC203,OR-Tools,,,,,,,,0.0,,,False,,
RC2,RC203,ALNS-Base,3.0,0.0,0.0,1106.52,11.5,5.42,100.0,4.1,0.0,1.04,False,1097.5673;1107.0239;1094.1248;1106.6983;1127.1852,3;3;3;3;3
RC2,RC203,Hybrid-Fixed,3.0,0.0,0.0,1096.0,10.66,4.42,100.0,60.0,0.0,0.97,False,1098.3849;1107.9023;1090.5867;1078.3043;1104.8268,3;3;3;3;3
RC2,RC203,Hybrid-Rule,3.0,0.0,0.0,1092.37,16.24,4.07,100.0,60.1,0.0,1.49,False,1103.1316;1107.9023;1067.7017;1078.3043;1104.8268,3;3;3;3;3
RC2,RC203,Hybrid-DDQN,3.0,0.0,0.0,1088.08,5.86,3.66,100.0,60.1,0.0,0.54,False,1092.6292;1077.2544;1090.0882;1093.4136;1087.0309,3;3;3;3;3
RC2,RC203,GNN-Hybrid-DDQN,3.0,0.0,0.0,1098.66,11.12,4.67,100.0,60.1,0.0,1.01,False,1083.2374;1094.2208;1105.0065;1116.1119;1094.7404,3;3;3;3;3
RC2,RC204,OR-Tools,,,,,,,,0.0,,,False,,
RC2,RC204,ALNS-Base,3.0,0.0,0.0,818.22,10.83,2.47,100.0,4.3,0.0,1.32,False,808.0385;831.5940;831.1174;808.1381;812.2200,3;3;3;3;3
RC2,RC204,Hybrid-Fixed,3.0,0.0,0.0,816.25,16.36,2.23,100.0,60.1,0.0,2.0,False,806.5396;800.2335;841.7932;829.2721;803.3946,3;3;3;3;3
RC2,RC204,Hybrid-Rule,3.0,0.0,0.0,817.41,9.68,2.37,100.0,60.0,0.0,1.18,False,806.5396;823.3441;822.6142;829.2721;805.2750,3;3;3;3;3
RC2,RC204,Hybrid-DDQN,3.0,0.0,0.0,808.38,9.38,1.24,100.0,60.1,0.0,1.16,False,801.2780;826.9649;804.7072;804.3591;804.5796,3;3;3;3;3
RC2,RC204,GNN-Hybrid-DDQN,3.0,0.0,0.0,810.99,15.92,1.57,100.0,59.8,0.0,1.96,False,802.1859;799.0167;841.7081;811.1982;800.8651,3;3;3;3;3
RC2,RC205,OR-Tools,,,,,,,,0.0,,,False,,
RC2,RC205,ALNS-Base,4.0,0.0,0.0,1350.83,11.43,4.1,100.0,3.7,0.0,0.85,False,1343.8459;1342.7444;1346.0389;1348.1412;1373.3798,4;4;4;4;4
RC2,RC205,Hybrid-Fixed,4.0,0.0,0.0,1329.38,11.29,2.45,100.0,60.2,0.0,0.85,False,1328.0618;1327.4262;1349.6209;1327.1539;1314.6525,4;4;4;4;4
RC2,RC205,Hybrid-Rule,4.0,0.0,0.0,1329.38,11.29,2.45,100.0,60.2,0.0,0.85,False,1328.0618;1327.4262;1349.6209;1327.1539;1314.6525,4;4;4;4;4
RC2,RC205,Hybrid-DDQN,4.0,0.0,0.0,1323.99,6.39,2.03,100.0,60.2,0.0,0.48,False,1334.5561;1327.2013;1318.1109;1317.1860;1322.8971,4;4;4;4;4
RC2,RC205,GNN-Hybrid-DDQN,4.0,0.0,0.0,1311.03,3.48,1.03,100.0,60.0,0.0,0.27,False,1315.5179;1310.2109;1307.3216;1307.4489;1314.6525,4;4;4;4;4
RC2,RC206,OR-Tools,,,,,,,,0.0,,,False,,
RC2,RC206,ALNS-Base,3.0,0.0,0.0,1167.46,13.49,1.84,100.0,3.9,0.0,1.16,False,1157.4974;1182.7497;1156.3222;1155.6078;1185.1228,3;3;3;3;3
RC2,RC206,Hybrid-Fixed,3.4,0.49,0.4,1139.86,37.06,-0.56,100.0,60.4,14.41,3.25,False,1103.7785;1091.8720;1192.3767;1157.3453;1153.9372,4;4;3;3;3
RC2,RC206,Hybrid-Rule,3.4,0.49,0.4,1128.44,25.44,-1.56,100.0,60.7,14.41,2.25,False,1103.7785;1091.8720;1146.3172;1146.3172;1153.9372,4;4;3;3;3
RC2,RC206,Hybrid-DDQN,3.6,0.49,0.6,1122.48,46.54,-2.08,100.0,61.8,13.61,4.15,True,1092.1975;1085.0028;1198.8562;1081.8306;1154.4932,4;4;3;4;3
RC2,RC206,GNN-Hybrid-DDQN,3.0,0.0,0.0,1167.08,17.15,1.81,100.0,59.9,0.0,1.47,False,1178.6050;1194.2356;1146.3172;1156.1047;1160.1177,3;3;3;3;3
RC2,RC207,OR-Tools,,,,,,,,0.0,,,False,,
RC2,RC207,ALNS-Base,3.0,0.0,0.0,1107.66,27.61,4.38,100.0,4.3,0.0,2.49,False,1098.6938;1160.8794;1099.3358;1099.3372;1080.0662,3;3;3;3;3
RC2,RC207,Hybrid-Fixed,3.0,0.0,0.0,1104.07,27.38,4.05,100.0,60.3,0.0,2.48,False,1157.2516;1088.5352;1080.7151;1100.7847;1093.0478,3;3;3;3;3
RC2,RC207,Hybrid-Rule,3.0,0.0,0.0,1124.35,30.6,5.96,100.0,60.1,0.0,2.72,False,1157.2516;1089.4122;1114.2555;1097.2355;1163.6011,3;3;3;3;3
RC2,RC207,Hybrid-DDQN,3.0,0.0,0.0,1105.72,30.55,4.2,100.0,60.2,0.0,2.76,False,1161.8815;1103.3397;1068.8554;1098.8990;1095.6172,3;3;3;3;3
RC2,RC207,GNN-Hybrid-DDQN,3.0,0.0,0.0,1110.61,16.53,4.66,100.0,59.9,0.0,1.49,False,1098.9930;1117.0108;1129.8270;1084.5991;1122.5965,3;3;3;3;3
RC2,RC208,OR-Tools,,,,,,,,0.0,,,False,,
RC2,RC208,ALNS-Base,3.0,0.0,0.0,861.52,11.02,4.03,100.0,4.3,0.0,1.28,False,868.8159;862.9225;870.1357;865.6521;840.0596,3;3;3;3;3
RC2,RC208,Hybrid-Fixed,3.0,0.0,0.0,864.99,24.12,4.45,100.0,60.2,0.0,2.79,False,866.8373;837.3944;870.0220;906.2058;844.4749,3;3;3;3;3
RC2,RC208,Hybrid-Rule,3.0,0.0,0.0,864.99,24.12,4.45,100.0,60.2,0.0,2.79,False,866.8373;837.3944;870.0220;906.2058;844.4749,3;3;3;3;3
RC2,RC208,Hybrid-DDQN,3.0,0.0,0.0,860.27,20.32,3.88,100.0,60.1,0.0,2.36,False,849.8525;846.2655;877.1108;837.1371;890.9610,3;3;3;3;3
RC2,RC208,GNN-Hybrid-DDQN,3.0,0.0,0.0,838.62,7.63,1.27,100.0,60.0,0.0,0.91,False,836.3519;834.8848;833.8280;834.2741;853.7810,3;3;3;3;3
C1,c1_2_1,OR-Tools,,,,,,,,0.0,,,False,,
C1,c1_2_1,ALNS-Base,20.0,0.0,0.0,2752.29,43.1,1.76,100.0,3.0,0.0,1.57,False,2729.4846;2811.4855;2707.4151;2796.6076;2716.4582,20;20;20;20;20
C1,c1_2_1,Hybrid-Fixed,20.0,0.0,0.0,2704.57,0.0,-0.0,100.0,18.2,0.0,0.0,False,2704.5678;2704.5678;2704.5678;2704.5678;2704.5678,20;20;20;20;20
C1,c1_2_1,Hybrid-Rule,20.0,0.0,0.0,2704.57,0.0,-0.0,100.0,18.6,0.0,0.0,False,2704.5678;2704.5678;2704.5678;2704.5678;2704.5678,20;20;20;20;20
C1,c1_2_1,Hybrid-DDQN,20.0,0.0,0.0,2704.57,0.0,-0.0,100.0,19.3,0.0,0.0,False,2704.5678;2704.5678;2704.5678;2704.5678;2704.5678,20;20;20;20;20
C1,c1_2_1,GNN-Hybrid-DDQN,20.0,0.0,0.0,2704.57,0.0,-0.0,100.0,21.7,0.0,0.0,False,2704.5678;2704.5678;2704.5678;2704.5678;2704.5678,20;20;20;20;20
C1,c1_2_10,OR-Tools,,,,,,,,0.0,,,False,,
C1,c1_2_10,ALNS-Base,18.8,0.4,0.8,2860.49,102.71,8.21,100.0,3.9,2.13,3.59,False,2799.5315;2811.3356;2922.7716;3028.6136;2740.2068,19;19;19;18;19
C1,c1_2_10,Hybrid-Fixed,18.0,0.0,0.0,2816.03,89.47,6.53,100.0,38.7,0.0,3.18,False,2712.1944;2811.5871;2757.4507;2822.3925;2976.5039,18;18;18;18;18
C1,c1_2_10,Hybrid-Rule,18.0,0.0,0.0,2812.52,53.2,6.39,100.0,42.0,0.0,1.89,False,2818.3251;2769.5892;2757.3286;2808.8621;2908.5130,18;18;18;18;18
C1,c1_2_10,Hybrid-DDQN,18.0,0.0,0.0,2812.96,84.92,6.41,100.0,39.4,0.0,3.02,False,2712.1944;2846.6084;2734.5041;2822.3925;2949.0853,18;18;18;18;18
C1,c1_2_10,GNN-Hybrid-DDQN,18.0,0.0,0.0,2698.26,34.69,2.07,100.0,60.3,0.0,1.29,False,2656.8282;2675.0670;2753.0338;2722.0577;2684.3170,18;18;18;18;18
C1,c1_2_2,OR-Tools,,,,,,,,0.0,,,False,,
C1,c1_2_2,ALNS-Base,19.2,0.4,1.2,3092.88,120.31,6.0,100.0,3.0,2.08,3.89,False,2934.0341;3029.8855;3294.4941;3137.0174;3068.9861,20;19;19;19;19
C1,c1_2_2,Hybrid-Fixed,18.0,0.0,0.0,3180.85,164.17,9.01,100.0,47.0,0.0,5.16,False,3133.4674;3370.6135;3377.6790;3022.0371;3000.4570,18;18;18;18;18
C1,c1_2_2,Hybrid-Rule,18.0,0.0,0.0,3165.73,92.82,8.49,100.0,48.4,0.0,2.93,False,3133.4674;3307.9408;3221.7140;3033.2062;3132.3402,18;18;18;18;18
C1,c1_2_2,Hybrid-DDQN,18.0,0.0,0.0,3256.99,221.93,11.62,100.0,36.1,0.0,6.81,False,3373.1302;3625.7419;3181.8630;3112.0202;2992.1755,18;18;18;18;18
C1,c1_2_2,GNN-Hybrid-DDQN,18.0,0.0,0.0,3187.0,110.81,9.22,100.0,32.7,0.0,3.48,False,3322.9271;3213.5901;2991.2008;3244.3604;3162.9197,18;18;18;18;18
C1,c1_2_3,OR-Tools,,,,,,,,0.0,,,False,,
C1,c1_2_3,ALNS-Base,18.0,0.0,0.0,3357.89,321.19,24.03,100.0,2.7,0.0,9.57,False,3081.3892;3084.9334;3959.3292;3361.8344;3301.9663,18;18;18;18;18
C1,c1_2_3,Hybrid-Fixed,18.0,0.0,0.0,2837.44,32.46,4.8,100.0,33.6,0.0,1.14,False,2892.6809;2791.4140;2830.5459;2831.3357;2841.1989,18;18;18;18;18
C1,c1_2_3,Hybrid-Rule,18.0,0.0,0.0,2874.98,82.68,6.19,100.0,36.9,0.0,2.88,False,2994.1359;2910.4141;2886.3193;2742.8511;2841.1989,18;18;18;18;18
C1,c1_2_3,Hybrid-DDQN,18.0,0.0,0.0,2820.81,27.51,4.19,100.0,33.8,0.0,0.98,False,2807.5004;2862.1539;2781.0021;2837.7185;2815.6690,18;18;18;18;18
C1,c1_2_3,GNN-Hybrid-DDQN,18.0,0.0,0.0,2773.44,17.33,2.44,100.0,32.8,0.0,0.62,False,2764.3899;2763.6695;2768.0397;2763.1716;2807.9192,18;18;18;18;18
C1,c1_2_4,OR-Tools,,,,,,,,0.0,,,False,,
C1,c1_2_4,ALNS-Base,18.0,0.0,0.0,2939.9,66.06,11.22,100.0,3.0,0.0,2.25,False,2952.1788;2933.9375;2906.5707;2853.0203;3053.7967,18;18;18;18;18
C1,c1_2_4,Hybrid-Fixed,18.0,0.0,0.0,2773.67,49.52,4.93,100.0,46.0,0.0,1.79,False,2810.0144;2750.4573;2825.9730;2688.3939;2793.5247,18;18;18;18;18
C1,c1_2_4,Hybrid-Rule,18.0,0.0,0.0,2774.6,45.75,4.97,100.0,46.9,0.0,1.65,False,2810.0144;2704.0653;2825.9730;2739.4142;2793.5247,18;18;18;18;18
C1,c1_2_4,Hybrid-DDQN,18.0,0.0,0.0,2757.37,48.08,4.32,100.0,45.8,0.0,1.74,False,2750.9017;2750.4829;2845.2894;2698.1637;2742.0179,18;18;18;18;18
C1,c1_2_4,GNN-Hybrid-DDQN,18.0,0.0,0.0,2753.93,41.68,4.18,100.0,49.8,0.0,1.51,False,2749.9330;2751.9705;2804.1903;2782.5540;2680.9877,18;18;18;18;18
C1,c1_2_5,OR-Tools,,,,,,,,0.0,,,False,,
C1,c1_2_5,ALNS-Base,20.0,0.0,0.0,2750.46,59.39,1.79,100.0,3.0,0.0,2.16,False,2704.8961;2702.0488;2855.9647;2776.4897;2712.9072,20;20;20;20;20
C1,c1_2_5,Hybrid-Fixed,20.0,0.0,0.0,2702.05,0.0,-0.0,100.0,43.9,0.0,0.0,False,2702.0488;2702.0488;2702.0488;2702.0488;2702.0488,20;20;20;20;20
C1,c1_2_5,Hybrid-Rule,20.0,0.0,0.0,2702.05,0.0,-0.0,100.0,41.9,0.0,0.0,False,2702.0488;2702.0488;2702.0488;2702.0488;2702.0488,20;20;20;20;20
C1,c1_2_5,Hybrid-DDQN,20.0,0.0,0.0,2702.05,0.0,-0.0,100.0,43.1,0.0,0.0,False,2702.0488;2702.0488;2702.0488;2702.0488;2702.0488,20;20;20;20;20
C1,c1_2_5,GNN-Hybrid-DDQN,20.0,0.0,0.0,2702.05,0.0,-0.0,100.0,33.1,0.0,0.0,False,2702.0488;2702.0488;2702.0488;2702.0488;2702.0488,20;20;20;20;20
C1,c1_2_6,OR-Tools,,,,,,,,0.0,,,False,,
C1,c1_2_6,ALNS-Base,20.4,0.49,0.4,2807.7,102.86,3.95,100.0,2.4,2.4,3.66,False,2935.4946;2763.6566;2926.3588;2711.9399;2701.0354,21;20;21;20;20
C1,c1_2_6,Hybrid-Fixed,20.0,0.0,0.0,2701.04,0.0,-0.0,100.0,38.1,0.0,0.0,False,2701.0354;2701.0354;2701.0354;2701.0354;2701.0354,20;20;20;20;20
C1,c1_2_6,Hybrid-Rule,20.0,0.0,0.0,2701.04,0.0,-0.0,100.0,36.2,0.0,0.0,False,2701.0354;2701.0354;2701.0354;2701.0354;2701.0354,20;20;20;20;20
C1,c1_2_6,Hybrid-DDQN,20.0,0.0,0.0,2701.04,0.0,-0.0,100.0,40.1,0.0,0.0,False,2701.0354;2701.0354;2701.0354;2701.0354;2701.0354,20;20;20;20;20
C1,c1_2_6,GNN-Hybrid-DDQN,20.0,0.0,0.0,2701.04,0.0,-0.0,100.0,33.4,0.0,0.0,False,2701.0354;2701.0354;2701.0354;2701.0354;2701.0354,20;20;20;20;20
C1,c1_2_7,OR-Tools,,,,,,,,0.0,,,False,,
C1,c1_2_7,ALNS-Base,20.0,0.0,0.0,2873.01,132.26,6.37,100.0,3.1,0.0,4.6,False,2861.7358;2701.0354;3014.7891;2758.0884;3029.3786,20;20;20;20;20
C1,c1_2_7,Hybrid-Fixed,20.0,0.0,0.0,2701.04,0.0,-0.0,100.0,43.8,0.0,0.0,False,2701.0354;2701.0354;2701.0354;2701.0354;2701.0354,20;20;20;20;20
C1,c1_2_7,Hybrid-Rule,20.0,0.0,0.0,2701.04,0.0,-0.0,100.0,44.3,0.0,0.0,False,2701.0354;2701.0354;2701.0354;2701.0354;2701.0354,20;20;20;20;20
C1,c1_2_7,Hybrid-DDQN,20.0,0.0,0.0,2701.04,0.0,-0.0,100.0,43.2,0.0,0.0,False,2701.0354;2701.0354;2701.0354;2701.0354;2701.0354,20;20;20;20;20
C1,c1_2_7,GNN-Hybrid-DDQN,20.0,0.0,0.0,2701.04,0.0,-0.0,100.0,37.5,0.0,0.0,False,2701.0354;2701.0354;2701.0354;2701.0354;2701.0354,20;20;20;20;20
C1,c1_2_8,OR-Tools,,,,,,,,0.0,,,False,,
C1,c1_2_8,ALNS-Base,20.0,0.0,1.0,2762.6,12.16,-0.46,100.0,2.6,0.0,0.44,True,2783.9133;2753.8809;2748.5433;2761.0132;2765.6443,20;20;20;20;20
C1,c1_2_8,Hybrid-Fixed,19.0,0.0,0.0,2956.92,58.43,6.54,100.0,47.0,0.0,1.98,False,2959.8257;2929.6584;2861.3614;3016.8752;3016.8752,19;19;19;19;19
C1,c1_2_8,Hybrid-Rule,19.0,0.0,0.0,2919.14,66.51,5.18,100.0,50.8,0.0,2.28,False,2942.9864;2944.7913;2861.3614;2829.6974;3016.8752,19;19;19;19;19
C1,c1_2_8,Hybrid-DDQN,19.0,0.0,0.0,2892.19,42.67,4.2,100.0,48.1,0.0,1.48,False,2875.8459;2873.8557;2936.9829;2943.8755;2830.3755,19;19;19;19;19
C1,c1_2_8,GNN-Hybrid-DDQN,19.0,0.0,0.0,2906.47,31.38,4.72,100.0,52.5,0.0,1.08,False,2878.8918;2911.7344;2938.4181;2940.8054;2862.4838,19;19;19;19;19
C1,c1_2_9,OR-Tools,,,,,,,,0.0,,,False,,
C1,c1_2_9,ALNS-Base,19.0,0.0,1.0,3071.86,317.62,14.29,100.0,3.6,0.0,10.34,False,2896.8323;3691.4206;3002.8668;2969.6868;2798.4926,19;19;19;19;19
C1,c1_2_9,Hybrid-Fixed,18.2,0.4,0.2,2875.89,171.88,7.0,100.0,86.0,2.2,5.98,False,2733.2812;2743.7748;3092.2123;3080.3393;2729.8329,19;18;18;18;18
C1,c1_2_9,Hybrid-Rule,18.2,0.4,0.2,2869.56,133.49,6.76,100.0,88.5,2.2,4.65,False,2733.2812;2894.7748;3092.2123;2897.7120;2729.8329,19;18;18;18;18
C1,c1_2_9,Hybrid-DDQN,18.0,0.0,0.0,2818.93,58.58,4.88,100.0,69.2,0.0,2.08,False,2775.1166;2762.3446;2857.8895;2783.9569;2915.3320,18;18;18;18;18
C1,c1_2_9,GNN-Hybrid-DDQN,18.0,0.0,0.0,2813.37,56.84,4.67,100.0,70.9,0.0,2.02,False,2748.2390;2745.5480;2827.0003;2874.9732;2871.0883,18;18;18;18;18
C2,c2_2_1,OR-Tools,,,,,,,,0.0,,,False,,
C2,c2_2_1,ALNS-Base,6.2,0.4,0.2,2010.21,58.98,4.08,100.0,2.4,6.45,2.93,False,1931.4425;1951.5453;2038.7364;2042.3261;2087.0214,6;6;6;7;6
C2,c2_2_1,Hybrid-Fixed,6.0,0.0,0.0,1931.44,0.0,0.0,100.0,45.4,0.0,0.0,False,1931.4425;1931.4425;1931.4425;1931.4425;1931.4425,6;6;6;6;6
C2,c2_2_1,Hybrid-Rule,6.0,0.0,0.0,1931.44,0.0,0.0,100.0,45.3,0.0,0.0,False,1931.4425;1931.4425;1931.4425;1931.4425;1931.4425,6;6;6;6;6
C2,c2_2_1,Hybrid-DDQN,6.0,0.0,0.0,1931.44,0.0,0.0,100.0,46.5,0.0,0.0,False,1931.4425;1931.4425;1931.4425;1931.4425;1931.4425,6;6;6;6;6
C2,c2_2_1,GNN-Hybrid-DDQN,6.0,0.0,0.0,1931.44,0.0,0.0,100.0,37.8,0.0,0.0,False,1931.4425;1931.4425;1931.4425;1931.4425;1931.4425,6;6;6;6;6
C2,c2_2_10,OR-Tools,,,,,,,,0.0,,,False,,
C2,c2_2_10,ALNS-Base,6.0,0.0,0.0,1938.06,34.25,7.28,100.0,2.9,0.0,1.77,False,1973.9371;1900.2986;1948.2429;1895.0948;1972.7208,6;6;6;6;6
C2,c2_2_10,Hybrid-Fixed,6.0,0.0,0.0,1810.71,0.8,0.23,100.0,73.2,0.0,0.04,False,1810.0575;1810.0575;1810.0575;1811.6985;1811.6985,6;6;6;6;6
C2,c2_2_10,Hybrid-Rule,6.0,0.0,0.0,1810.02,1.1,0.19,100.0,73.0,0.0,0.06,False,1810.0575;1810.0575;1810.0575;1811.6985;1808.2142,6;6;6;6;6
C2,c2_2_10,Hybrid-DDQN,6.0,0.0,0.0,1809.38,0.87,0.15,100.0,69.7,0.0,0.05,False,1808.7249;1810.0575;1810.0575;1810.0575;1807.9882,6;6;6;6;6
C2,c2_2_10,GNN-Hybrid-DDQN,6.0,0.0,0.0,1809.7,0.52,0.17,100.0,65.5,0.0,0.03,False,1810.0503;1809.5966;1808.7249;1810.0575;1810.0575,6;6;6;6;6
C2,c2_2_2,OR-Tools,,,,,,,,0.0,,,False,,
C2,c2_2_2,ALNS-Base,6.0,0.0,0.0,1971.24,43.25,5.8,100.0,2.3,0.0,2.19,False,2011.0030;1900.3704;2007.8982;1942.0754;1994.8282,6;6;6;6;6
C2,c2_2_2,Hybrid-Fixed,6.0,0.0,0.0,1864.53,2.76,0.07,100.0,59.8,0.0,0.15,False,1863.1556;1863.1556;1870.0499;1863.1556;1863.1556,6;6;6;6;6
C2,c2_2_2,Hybrid-Rule,6.0,0.0,0.0,1864.53,2.76,0.07,100.0,59.6,0.0,0.15,False,1863.1556;1863.1556;1870.0499;1863.1556;1863.1556,6;6;6;6;6
C2,c2_2_2,Hybrid-DDQN,6.0,0.0,0.0,1865.6,4.89,0.13,100.0,59.2,0.0,0.26,False,1863.1556;1875.3826;1863.1556;1863.1556;1863.1556,6;6;6;6;6
C2,c2_2_2,GNN-Hybrid-DDQN,6.0,0.0,0.0,1863.16,0.0,-0.0,100.0,44.4,0.0,0.0,False,1863.1556;1863.1556;1863.1556;1863.1556;1863.1556,6;6;6;6;6
C2,c2_2_3,OR-Tools,,,,,,,,0.0,,,False,,
C2,c2_2_3,ALNS-Base,6.0,0.0,0.0,2055.73,66.25,15.81,100.0,2.5,0.0,3.22,False,1995.7563;2039.5609;2172.4190;2078.1712;1992.7432,6;6;6;6;6
C2,c2_2_3,Hybrid-Fixed,6.0,0.0,0.0,1800.12,12.83,1.41,100.0,59.4,0.0,0.71,False,1812.8579;1788.1180;1803.3072;1813.9632;1782.3665,6;6;6;6;6
C2,c2_2_3,Hybrid-Rule,6.0,0.0,0.0,1800.12,12.83,1.41,100.0,59.4,0.0,0.71,False,1812.8579;1788.1180;1803.3072;1813.9632;1782.3665,6;6;6;6;6
C2,c2_2_3,Hybrid-DDQN,6.0,0.0,0.0,1803.26,13.77,1.59,100.0,58.9,0.0,0.76,False,1787.0004;1802.7031;1822.6972;1789.6484;1814.2311,6;6;6;6;6
C2,c2_2_3,GNN-Hybrid-DDQN,6.0,0.0,0.0,1792.39,12.27,0.98,100.0,50.3,0.0,0.68,False,1777.5631;1802.2868;1798.1786;1806.1224;1777.7861,6;6;6;6;6
C2,c2_2_4,OR-Tools,,,,,,,,0.0,,,False,,
C2,c2_2_4,ALNS-Base,6.0,0.0,0.0,1927.4,43.71,13.15,100.0,2.9,0.0,2.27,False,1892.8102;1891.6967;1990.5677;1891.8190;1970.1110,6;6;6;6;6
C2,c2_2_4,Hybrid-Fixed,6.0,0.0,0.0,1768.73,26.74,3.83,100.0,66.2,0.0,1.51,False,1748.8549;1779.8154;1816.5204;1751.7756;1746.6816,6;6;6;6;6
C2,c2_2_4,Hybrid-Rule,6.0,0.0,0.0,1773.87,24.37,4.14,100.0,66.3,0.0,1.37,False,1748.8549;1779.8154;1816.5204;1751.7756;1772.3906,6;6;6;6;6
C2,c2_2_4,Hybrid-DDQN,6.0,0.0,0.0,1777.14,19.11,4.33,100.0,67.3,0.0,1.08,False,1764.9492;1787.2749;1809.8379;1757.6054;1766.0280,6;6;6;6;6
C2,c2_2_4,GNN-Hybrid-DDQN,6.0,0.0,0.0,1759.65,17.17,3.3,100.0,61.6,0.0,0.98,False,1766.3892;1763.7034;1763.1033;1727.0601;1778.0173,6;6;6;6;6
C2,c2_2_5,OR-Tools,,,,,,,,0.0,,,False,,
C2,c2_2_5,ALNS-Base,6.0,0.0,0.0,1966.25,74.74,4.65,100.0,2.3,0.0,3.8,False,1918.3222;1913.1522;1922.5623;2110.8285;1966.4095,6;6;6;6;6
C2,c2_2_5,Hybrid-Fixed,6.0,0.0,0.0,1879.31,0.0,0.02,100.0,51.5,0.0,0.0,False,1879.3144;1879.3144;1879.3144;1879.3144;1879.3144,6;6;6;6;6
C2,c2_2_5,Hybrid-Rule,6.0,0.0,0.0,1879.31,0.0,0.02,100.0,51.2,0.0,0.0,False,1879.3144;1879.3144;1879.3144;1879.3144;1879.3144,6;6;6;6;6
C2,c2_2_5,Hybrid-DDQN,6.0,0.0,0.0,1879.22,0.19,0.02,100.0,52.7,0.0,0.01,False,1879.3144;1878.8463;1879.3144;1879.3144;1879.3144,6;6;6;6;6
C2,c2_2_5,GNN-Hybrid-DDQN,6.0,0.0,0.0,1879.31,0.0,0.02,100.0,51.3,0.0,0.0,False,1879.3144;1879.3144;1879.3144;1879.3144;1879.3144,6;6;6;6;6
C2,c2_2_6,OR-Tools,,,,,,,,0.0,,,False,,
C2,c2_2_6,ALNS-Base,6.2,0.4,0.2,2014.35,40.04,8.45,100.0,2.3,6.45,1.99,False,1964.8969;2027.7653;1986.1648;2010.8577;2082.0687,6;6;6;6;7
C2,c2_2_6,Hybrid-Fixed,6.0,0.0,0.0,1857.52,0.21,0.01,100.0,60.3,0.0,0.01,False,1857.3535;1857.7772;1857.3535;1857.3535;1857.7772,6;6;6;6;6
C2,c2_2_6,Hybrid-Rule,6.0,0.0,0.0,1857.44,0.17,0.0,100.0,60.4,0.0,0.01,False,1857.3535;1857.3535;1857.3535;1857.3535;1857.7772,6;6;6;6;6
C2,c2_2_6,Hybrid-DDQN,6.0,0.0,0.0,1861.66,8.19,0.23,100.0,60.1,0.0,0.44,False,1857.3535;1878.0377;1857.7772;1857.3535;1857.7772,6;6;6;6;6
C2,c2_2_6,GNN-Hybrid-DDQN,6.0,0.0,0.0,1857.61,0.21,0.01,100.0,66.0,0.0,0.01,False,1857.7772;1857.7772;1857.3535;1857.3535;1857.7772,6;6;6;6;6
C2,c2_2_7,OR-Tools,,,,,,,,0.0,,,False,,
C2,c2_2_7,ALNS-Base,6.4,0.49,0.4,1939.58,74.71,4.87,100.0,2.2,7.65,3.85,False,2074.7395;1963.4689;1891.2645;1866.8279;1901.6105,7;7;6;6;6
C2,c2_2_7,Hybrid-Fixed,6.0,0.0,0.0,1849.73,0.33,0.01,100.0,75.6,0.0,0.02,False,1849.4563;1850.1343;1850.1343;1849.4563;1849.4563,6;6;6;6;6
C2,c2_2_7,Hybrid-Rule,6.0,0.0,0.0,1849.46,0.0,-0.0,100.0,75.8,0.0,0.0,False,1849.4563;1849.4563;1849.4563;1849.4563;1849.4563,6;6;6;6;6
C2,c2_2_7,Hybrid-DDQN,6.0,0.0,0.0,1849.73,0.33,0.01,100.0,77.5,0.0,0.02,False,1849.4563;1849.4563;1849.4563;1850.1343;1850.1343,6;6;6;6;6
C2,c2_2_7,GNN-Hybrid-DDQN,6.0,0.0,0.0,1849.46,0.0,-0.0,100.0,83.0,0.0,0.0,False,1849.4563;1849.4563;1849.4563;1849.4563;1849.4563,6;6;6;6;6
C2,c2_2_8,OR-Tools,,,,,,,,0.0,,,False,,
C2,c2_2_8,ALNS-Base,6.0,0.0,0.0,1969.16,70.6,8.16,100.0,2.3,0.0,3.59,False,2020.4706;1889.3748;2080.1624;1937.8416;1917.9677,6;6;6;6;6
C2,c2_2_8,Hybrid-Fixed,6.0,0.0,0.0,1827.01,5.34,0.36,100.0,63.5,0.0,0.29,False,1820.5343;1823.8831;1823.8831;1833.1394;1833.5923,6;6;6;6;6
C2,c2_2_8,Hybrid-Rule,6.0,0.0,0.0,1827.01,5.34,0.36,100.0,62.2,0.0,0.29,False,1820.5343;1823.8831;1823.8831;1833.1394;1833.5923,6;6;6;6;6
C2,c2_2_8,Hybrid-DDQN,6.0,0.0,0.0,1826.04,5.55,0.3,100.0,63.4,0.0,0.3,False,1836.7435;1824.5228;1823.8831;1820.5343;1824.5228,6;6;6;6;6
C2,c2_2_8,GNN-Hybrid-DDQN,6.0,0.0,0.0,1823.34,1.43,0.15,100.0,59.8,0.0,0.08,False,1820.5343;1823.8831;1824.5228;1823.8831;1823.8831,6;6;6;6;6
C2,c2_2_9,OR-Tools,,,,,,,,0.0,,,False,,
C2,c2_2_9,ALNS-Base,6.4,0.49,0.4,2013.4,70.85,10.02,100.0,2.3,7.65,3.52,False,1884.7597;2043.9457;1993.6965;2060.1593;2084.4289,6;6;7;6;7
C2,c2_2_9,Hybrid-Fixed,6.0,0.0,0.0,1839.31,8.77,0.51,100.0,91.5,0.0,0.48,False,1833.3798;1853.5147;1832.4250;1845.6613;1831.5793,6;6;6;6;6
C2,c2_2_9,Hybrid-Rule,6.0,0.0,0.0,1839.31,8.77,0.51,100.0,91.1,0.0,0.48,False,1833.3798;1853.5147;1832.4250;1845.6613;1831.5793,6;6;6;6;6
C2,c2_2_9,Hybrid-DDQN,6.0,0.0,0.0,1833.12,2.17,0.17,100.0,96.7,0.0,0.12,False,1836.6070;1832.4250;1832.4250;1834.0904;1830.0500,6;6;6;6;6
C2,c2_2_9,GNN-Hybrid-DDQN,6.0,0.0,0.0,1837.6,10.41,0.41,100.0,89.6,0.0,0.57,False,1832.4250;1830.0500;1858.0677;1831.5793;1835.8666,6;6;6;6;6
R1,r1_2_1,OR-Tools,,,,,,,,0.0,,,False,,
R1,r1_2_1,ALNS-Base,20.6,0.49,0.6,5246.88,48.49,9.67,100.0,2.9,2.38,0.92,False,5289.4443;5203.7590;5285.3008;5173.6551;5282.2228,20;20;21;21;21
R1,r1_2_1,Hybrid-Fixed,20.2,0.4,0.2,4931.32,58.93,3.08,100.0,74.9,1.98,1.19,False,4994.4108;4883.0971;4871.6529;4896.7304;5010.6901,20;20;21;20;20
R1,r1_2_1,Hybrid-Rule,20.2,0.4,0.2,4909.15,60.33,2.61,100.0,59.4,1.98,1.23,False,4944.4465;4825.6265;4876.2923;4896.7304;5002.6456,20;20;21;20;20
R1,r1_2_1,Hybrid-DDQN,20.2,0.4,0.2,4925.77,71.68,2.96,100.0,58.4,1.98,1.46,False,5001.2565;4990.0852;4809.0133;4882.9413;4945.5650,20;20;21;20;20
R1,r1_2_1,GNN-Hybrid-DDQN,20.2,0.4,0.2,4926.82,60.25,2.98,100.0,84.8,1.98,1.22,False,4956.6967;4921.9583;5020.9943;4892.3683;4842.0921,20;20;20;20;21
R1,r1_2_10,OR-Tools,,,,,,,,0.0,,,False,,
R1,r1_2_10,ALNS-Base,18.0,0.0,0.0,3601.98,98.93,9.11,100.0,4.7,0.0,2.75,False,3520.8805;3494.9363;3559.3820;3682.2692;3752.4283,18;18;18;18;18
R1,r1_2_10,Hybrid-Fixed,18.0,0.0,0.0,3497.28,49.6,5.94,100.0,49.5,0.0,1.42,False,3436.5562;3489.9378;3461.5195;3579.9261;3518.4569,18;18;18;18;18
R1,r1_2_10,Hybrid-Rule,18.0,0.0,0.0,3496.43,65.41,5.91,100.0,52.9,0.0,1.87,False,3485.5539;3406.4304;3450.0976;3579.9261;3560.1280,18;18;18;18;18
R1,r1_2_10,Hybrid-DDQN,18.0,0.0,0.0,3466.23,25.82,5.0,100.0,51.4,0.0,0.74,False,3501.5236;3438.6809;3461.5195;3439.1981;3490.2450,18;18;18;18;18
R1,r1_2_10,GNN-Hybrid-DDQN,18.0,0.0,0.0,3490.17,26.08,5.72,100.0,59.2,0.0,0.75,False,3485.2853;3465.2908;3540.4723;3482.8870;3476.9176,18;18;18;18;18
R1,r1_2_2,OR-Tools,,,,,,,,0.0,,,False,,
R1,r1_2_2,ALNS-Base,18.2,0.4,0.2,4916.1,138.41,21.69,100.0,3.7,2.2,2.82,False,5151.9458;4845.7237;4729.2775;4933.2292;4920.3107,18;18;19;18;18
R1,r1_2_2,Hybrid-Fixed,18.0,0.0,0.0,4470.38,49.42,10.66,100.0,59.8,0.0,1.11,False,4389.8405;4466.3249;4531.7197;4453.0776;4510.9361,18;18;18;18;18
R1,r1_2_2,Hybrid-Rule,18.0,0.0,0.0,4413.7,73.84,9.25,100.0,54.5,0.0,1.67,False,4337.0485;4518.6689;4322.6726;4437.3591;4452.7543,18;18;18;18;18
R1,r1_2_2,Hybrid-DDQN,18.0,0.0,0.0,4425.59,53.43,9.55,100.0,60.0,0.0,1.21,False,4441.4749;4347.0968;4484.7305;4474.0081;4380.6491,18;18;18;18;18
R1,r1_2_2,GNN-Hybrid-DDQN,18.0,0.0,0.0,4410.99,48.95,9.19,100.0,35.3,0.0,1.11,False,4494.2383;4370.2427;4426.7451;4354.9738;4408.7700,18;18;18;18;18
R1,r1_2_3,OR-Tools,,,,,,,,0.0,,,False,,
R1,r1_2_3,ALNS-Base,18.0,0.0,0.0,4110.6,151.31,21.54,100.0,4.4,0.0,3.68,False,4343.3165;4012.0997;3914.7700;4069.4033;4213.4119,18;18;18;18;18
R1,r1_2_3,Hybrid-Fixed,18.0,0.0,0.0,3717.28,99.07,9.91,100.0,40.1,0.0,2.67,False,3572.5845;3685.3445;3833.9924;3670.7608;3823.7241,18;18;18;18;18
R1,r1_2_3,Hybrid-Rule,18.0,0.0,0.0,3673.41,70.51,8.62,100.0,40.0,0.0,1.92,False,3572.5845;3687.8914;3782.6679;3695.7505;3628.1637,18;18;18;18;18
R1,r1_2_3,Hybrid-DDQN,18.0,0.0,0.0,3672.55,48.58,8.59,100.0,37.5,0.0,1.32,False,3724.5048;3652.9934;3695.0668;3587.2046;3702.9889,18;18;18;18;18
R1,r1_2_3,GNN-Hybrid-DDQN,18.0,0.0,0.0,3713.76,72.18,9.81,100.0,69.0,0.0,1.94,False,3682.3219;3589.0685;3736.3318;3773.9118;3787.1682,18;18;18;18;18
R1,r1_2_4,OR-Tools,,,,,,,,0.0,,,False,,
R1,r1_2_4,ALNS-Base,18.0,0.0,0.0,3637.87,60.0,18.97,100.0,2.9,0.0,1.65,False,3546.8626;3725.5766;3618.7634;3675.5907;3622.5458,18;18;18;18;18
R1,r1_2_4,Hybrid-Fixed,18.0,0.0,0.0,3351.0,77.41,9.59,100.0,61.2,0.0,2.31,False,3350.2985;3407.4839;3461.7279;3249.7584;3285.7194,18;18;18;18;18
R1,r1_2_4,Hybrid-Rule,18.0,0.0,0.0,3359.12,72.08,9.85,100.0,61.6,0.0,2.15,False,3350.2985;3407.4839;3461.7279;3249.7584;3326.3557,18;18;18;18;18
R1,r1_2_4,Hybrid-DDQN,18.0,0.0,0.0,3314.61,32.67,8.4,100.0,59.5,0.0,0.99,False,3313.7761;3288.8951;3374.3731;3281.4016;3314.6138,18;18;18;18;18
R1,r1_2_4,GNN-Hybrid-DDQN,18.0,0.0,0.0,3340.95,66.21,9.26,100.0,66.1,0.0,1.98,False,3280.8010;3420.3041;3423.2271;3296.7594;3283.6376,18;18;18;18;18
R1,r1_2_5,OR-Tools,,,,,,,,0.0,,,False,,
R1,r1_2_5,ALNS-Base,18.8,0.4,0.8,4608.94,217.34,12.2,100.0,3.4,2.13,4.72,False,4490.8636;4416.9535;4571.6903;5031.2681;4533.9360,19;19;19;18;19
R1,r1_2_5,Hybrid-Fixed,18.2,0.4,0.2,4476.09,125.66,8.96,100.0,96.5,2.2,2.81,False,4571.8356;4232.5666;4567.5880;4520.3890;4488.0934,18;19;18;18;18
R1,r1_2_5,Hybrid-Rule,18.2,0.4,0.2,4451.45,121.56,8.36,100.0,96.3,2.2,2.73,False,4530.3301;4232.5666;4573.5929;4412.0359;4508.7267,18;19;18;18;18
R1,r1_2_5,Hybrid-DDQN,18.0,0.0,0.0,4564.38,152.71,11.11,100.0,96.1,0.0,3.35,False,4422.9597;4778.9985;4538.4075;4696.8981;4384.6547,18;18;18;18;18
R1,r1_2_5,GNN-Hybrid-DDQN,18.0,0.0,0.0,4566.9,28.17,11.17,100.0,42.3,0.0,0.62,False,4560.5219;4595.8724;4517.5771;4592.4419;4568.0704,18;18;18;18;18
R1,r1_2_6,OR-Tools,,,,,,,,0.0,,,False,,
R1,r1_2_6,ALNS-Base,18.0,0.0,0.0,4249.9,167.43,18.61,100.0,5.0,0.0,3.94,False,4031.6175;4307.5525;4419.6948;4418.9769;4071.6410,18;18;18;18;18
R1,r1_2_6,Hybrid-Fixed,18.0,0.0,0.0,3941.38,51.97,10.0,100.0,43.3,0.0,1.32,False,3985.9232;4009.6718;3926.7787;3922.4354;3862.1053,18;18;18;18;18
R1,r1_2_6,Hybrid-Rule,18.0,0.0,0.0,3961.78,24.47,10.57,100.0,41.0,0.0,0.62,False,3971.1723;3924.9381;3967.6520;3997.8742;3947.2802,18;18;18;18;18
R1,r1_2_6,Hybrid-DDQN,18.0,0.0,0.0,3899.9,75.45,8.84,100.0,41.1,0.0,1.93,False,3985.4817;3889.5789;3987.7414;3815.6482;3821.0605,18;18;18;18;18
R1,r1_2_6,GNN-Hybrid-DDQN,18.0,0.0,0.0,3877.62,46.94,8.22,100.0,47.0,0.0,1.21,False,3932.6995;3821.7030;3884.0612;3923.7822;3825.8346,18;18;18;18;18
R1,r1_2_7,OR-Tools,,,,,,,,0.0,,,False,,
R1,r1_2_7,ALNS-Base,18.0,0.0,0.0,3738.56,132.88,18.68,100.0,3.4,0.0,3.55,False,3760.7773;3682.3183;3976.4763;3696.7677;3576.4734,18;18;18;18;18
R1,r1_2_7,Hybrid-Fixed,18.0,0.0,0.0,3455.22,41.13,9.69,100.0,36.4,0.0,1.19,False,3393.0199;3510.2311;3488.7017;3449.0495;3435.0771,18;18;18;18;18
R1,r1_2_7,Hybrid-Rule,18.0,0.0,0.0,3447.55,34.1,9.44,100.0,35.7,0.0,0.99,False,3407.7365;3510.2311;3435.6482;3449.0495;3435.0771,18;18;18;18;18
R1,r1_2_7,Hybrid-DDQN,18.0,0.0,0.0,3416.67,69.37,8.46,100.0,33.9,0.0,2.03,False,3302.2929;3515.4411;3411.8891;3449.1702;3404.5669,18;18;18;18;18
R1,r1_2_7,GNN-Hybrid-DDQN,18.0,0.0,0.0,3459.79,67.48,9.83,100.0,61.2,0.0,1.95,False,3485.1045;3495.5580;3532.6856;3335.5349;3450.0725,18;18;18;18;18
R1,r1_2_8,OR-Tools,,,,,,,,0.0,,,False,,
R1,r1_2_8,ALNS-Base,18.0,0.0,0.0,3507.75,92.73,18.83,100.0,3.0,0.0,2.64,False,3459.1455;3444.6520;3398.8348;3633.0754;3603.0439,18;18;18;18;18
R1,r1_2_8,Hybrid-Fixed,18.0,0.0,0.0,3178.36,35.45,7.67,100.0,52.9,0.0,1.12,False,3183.0236;3154.2303;3237.0752;3185.7776;3131.7131,18;18;18;18;18
R1,r1_2_8,Hybrid-Rule,18.0,0.0,0.0,3178.36,35.45,7.67,100.0,53.1,0.0,1.12,False,3183.0236;3154.2303;3237.0752;3185.7776;3131.7131,18;18;18;18;18
R1,r1_2_8,Hybrid-DDQN,18.0,0.0,0.0,3145.1,38.54,6.54,100.0,54.9,0.0,1.23,False,3105.9028;3115.8207;3161.4976;3212.4066;3129.8535,18;18;18;18;18
R1,r1_2_8,GNN-Hybrid-DDQN,18.0,0.0,0.0,3168.43,42.92,7.33,100.0,71.0,0.0,1.35,False,3098.3459;3233.7034;3168.3451;3167.2251;3174.5091,18;18;18;18;18
R1,r1_2_9,OR-Tools,,,,,,,,0.0,,,False,,
R1,r1_2_9,ALNS-Base,18.0,0.0,0.0,4443.31,100.67,18.15,100.0,4.2,0.0,2.27,False,4425.6582;4448.0696;4490.7617;4580.1141;4271.9365,18;18;18;18;18
R1,r1_2_9,Hybrid-Fixed,18.0,0.0,0.0,4122.86,29.3,9.63,100.0,80.5,0.0,0.71,False,4131.0594;4095.1828;4091.0337;4124.7626;4172.2844,18;18;18;18;18
R1,r1_2_9,Hybrid-Rule,18.0,0.0,0.0,4128.29,75.47,9.78,100.0,79.5,0.0,1.83,False,4026.4033;4074.4878;4172.4325;4124.7626;4243.3561,18;18;18;18;18
R1,r1_2_9,Hybrid-DDQN,18.2,0.4,0.2,4034.09,88.07,7.27,100.0,82.9,2.2,2.18,False,3990.7250;4030.8626;4059.0477;3910.6880;4179.1329,18;18;18;19;18
R1,r1_2_9,GNN-Hybrid-DDQN,18.0,0.0,0.0,4040.91,57.17,7.45,100.0,79.8,0.0,1.41,False,4084.9576;3973.2087;4006.4513;4011.0524;4128.8818,18;18;18;18;18
R2,r2_2_1,OR-Tools,,,,,,,,0.0,,,False,,
R2,r2_2_1,ALNS-Base,5.0,0.0,1.0,4428.9,85.45,-1.21,100.0,2.3,0.0,1.93,True,4362.3567;4463.9539;4322.2559;4427.4749;4568.4532,5;5;5;5;5
R2,r2_2_1,Hybrid-Fixed,5.0,0.0,1.0,4099.82,20.22,-8.55,100.0,120.5,0.0,0.49,True,4130.6187;4084.9281;4113.9665;4095.3812;4074.2265,5;5;5;5;5
R2,r2_2_1,Hybrid-Rule,5.0,0.0,1.0,4099.82,20.22,-8.55,100.0,120.5,0.0,0.49,True,4130.6187;4084.9281;4113.9665;4095.3812;4074.2265,5;5;5;5;5
R2,r2_2_1,Hybrid-DDQN,5.0,0.0,1.0,4117.01,20.47,-8.17,100.0,121.1,0.0,0.5,True,4106.6786;4122.2758;4113.8109;4152.1117;4090.1934,5;5;5;5;5
R2,r2_2_1,GNN-Hybrid-DDQN,5.0,0.0,1.0,4114.56,34.98,-8.22,100.0,121.4,0.0,0.85,True,4117.6764;4062.6237;4113.7081;4106.4098;4172.3703,5;5;5;5;5
R2,r2_2_10,OR-Tools,,,,,,,,0.0,,,False,,
R2,r2_2_10,ALNS-Base,4.0,0.0,0.0,2919.14,64.23,9.95,100.0,2.7,0.0,2.2,False,2860.5319;2832.4813;3007.4504;2959.0296;2936.2107,4;4;4;4;4
R2,r2_2_10,Hybrid-Fixed,4.0,0.0,0.0,2775.23,55.74,4.53,100.0,83.3,0.0,2.01,False,2739.2863;2881.7463;2758.2760;2724.2059;2772.6388,4;4;4;4;4
R2,r2_2_10,Hybrid-Rule,4.0,0.0,0.0,2775.23,55.74,4.53,100.0,82.4,0.0,2.01,False,2739.2863;2881.7463;2758.2760;2724.2059;2772.6388,4;4;4;4;4
R2,r2_2_10,Hybrid-DDQN,4.0,0.0,0.0,2743.6,4.53,3.34,100.0,80.5,0.0,0.16,False,2750.8301;2743.8803;2740.5354;2745.2881;2737.4506,4;4;4;4;4
R2,r2_2_10,GNN-Hybrid-DDQN,4.0,0.0,0.0,2720.88,32.33,2.48,100.0,64.0,0.0,1.19,False,2723.3235;2752.8973;2706.3924;2754.4008;2667.3997,4;4;4;4;4
R2,r2_2_2,OR-Tools,,,,,,,,0.0,,,False,,
R2,r2_2_2,ALNS-Base,4.8,0.4,0.8,3747.11,109.01,3.48,100.0,2.5,8.33,2.91,False,3681.7240;3807.5225;3930.9628;3686.7421;3628.6090,5;5;4;5;5
R2,r2_2_2,Hybrid-Fixed,4.4,0.49,0.4,3773.67,357.36,4.21,100.0,105.5,11.13,9.47,False,3395.8364;3792.0078;3473.9759;4410.1448;3796.4026,5;4;5;4;4
R2,r2_2_2,Hybrid-Rule,4.2,0.4,0.2,3910.01,346.89,7.98,100.0,104.5,9.52,8.87,False,3395.8364;3792.0078;4155.6515;4410.1448;3796.4026,5;4;4;4;4
R2,r2_2_2,Hybrid-DDQN,4.0,0.0,0.0,4431.44,793.2,22.37,100.0,110.7,0.0,17.9,False,4421.4861;3785.4854;4015.5531;3972.0814;5962.6072,4;4;4;4;4
R2,r2_2_2,GNN-Hybrid-DDQN,4.0,0.0,0.0,3970.23,229.42,9.64,100.0,78.7,0.0,5.78,False,4241.3504;3830.7601;4244.1149;3847.9803;3686.9317,4;4;4;4;4
R2,r2_2_3,OR-Tools,,,,,,,,0.0,,,False,,
R2,r2_2_3,ALNS-Base,4.0,0.0,0.0,3229.03,54.51,12.09,100.0,3.5,0.0,1.69,False,3295.7552;3295.2366;3181.0756;3193.9629;3179.1125,4;4;4;4;4
R2,r2_2_3,Hybrid-Fixed,4.0,0.0,0.0,3018.28,65.43,4.78,100.0,95.2,0.0,2.17,False,3072.2537;2946.8407;2940.4563;3028.5720;3103.2842,4;4;4;4;4
R2,r2_2_3,Hybrid-Rule,4.0,0.0,0.0,3018.28,65.43,4.78,100.0,94.2,0.0,2.17,False,3072.2537;2946.8407;2940.4563;3028.5720;3103.2842,4;4;4;4;4
R2,r2_2_3,Hybrid-DDQN,4.0,0.0,0.0,3001.53,32.64,4.2,100.0,94.2,0.0,1.09,False,3008.2966;2955.6531;2986.2620;3055.7932;3001.6311,4;4;4;4;4
R2,r2_2_3,GNN-Hybrid-DDQN,4.0,0.0,0.0,2944.63,30.69,2.22,100.0,71.0,0.0,1.04,False,2915.9607;2909.3584;2936.8508;2978.1206;2982.8360,4;4;4;4;4
R2,r2_2_4,OR-Tools,,,,,,,,0.0,,,False,,
R2,r2_2_4,ALNS-Base,4.0,0.0,0.0,2175.35,28.65,9.79,100.0,5.3,0.0,1.32,False,2165.7345;2203.6584;2133.7023;2162.2316;2211.4420,4;4;4;4;4
R2,r2_2_4,Hybrid-Fixed,4.0,0.0,0.0,2034.37,14.56,2.68,100.0,85.7,0.0,0.72,False,2033.4733;2050.3495;2050.5321;2013.5013;2023.9925,4;4;4;4;4
R2,r2_2_4,Hybrid-Rule,4.0,0.0,0.0,2034.37,14.56,2.68,100.0,85.4,0.0,0.72,False,2033.4733;2050.3495;2050.5321;2013.5013;2023.9925,4;4;4;4;4
R2,r2_2_4,Hybrid-DDQN,4.0,0.0,0.0,2046.84,9.22,3.31,100.0,95.8,0.0,0.45,False,2040.1623;2055.9841;2035.9297;2059.4931;2042.6172,4;4;4;4;4
R2,r2_2_4,GNN-Hybrid-DDQN,4.0,0.0,0.0,2012.68,23.8,1.58,100.0,81.3,0.0,1.18,False,2049.7458;1985.8799;2030.9308;1999.0311;1997.7951,4;4;4;4;4
R2,r2_2_5,OR-Tools,,,,,,,,0.0,,,False,,
R2,r2_2_5,ALNS-Base,4.0,0.0,0.0,3741.01,68.6,11.12,100.0,2.5,0.0,1.83,False,3735.3426;3640.8657;3785.8741;3840.7671;3702.2223,4;4;4;4;4
R2,r2_2_5,Hybrid-Fixed,4.0,0.0,0.0,3454.28,32.36,2.6,100.0,88.2,0.0,0.94,False,3421.5747;3470.2816;3452.9002;3420.0583;3506.5984,4;4;4;4;4
R2,r2_2_5,Hybrid-Rule,4.0,0.0,0.0,3454.28,32.36,2.6,100.0,88.5,0.0,0.94,False,3421.5747;3470.2816;3452.9002;3420.0583;3506.5984,4;4;4;4;4
R2,r2_2_5,Hybrid-DDQN,4.0,0.0,0.0,3450.06,44.93,2.47,100.0,89.5,0.0,1.3,False,3400.7930;3518.2743;3466.5050;3399.8361;3464.9039,4;4;4;4;4
R2,r2_2_5,GNN-Hybrid-DDQN,4.0,0.0,0.0,3462.45,34.3,2.84,100.0,71.3,0.0,0.99,False,3463.5686;3440.4615;3525.8148;3456.6674;3425.7311,4;4;4;4;4
R2,r2_2_6,OR-Tools,,,,,,,,0.0,,,False,,
R2,r2_2_6,ALNS-Base,4.0,0.0,0.0,3270.59,44.99,12.27,100.0,2.8,0.0,1.38,False,3216.5462;3316.8934;3283.8211;3317.1692;3218.5433,4;4;4;4;4
R2,r2_2_6,Hybrid-Fixed,4.0,0.0,0.0,2983.8,31.88,2.43,100.0,78.4,0.0,1.07,False,3020.2426;2962.6327;2988.9209;3012.7846;2934.4040,4;4;4;4;4
R2,r2_2_6,Hybrid-Rule,4.0,0.0,0.0,2983.8,31.88,2.43,100.0,78.5,0.0,1.07,False,3020.2426;2962.6327;2988.9209;3012.7846;2934.4040,4;4;4;4;4
R2,r2_2_6,Hybrid-DDQN,4.0,0.0,0.0,2997.43,36.47,2.9,100.0,77.7,0.0,1.22,False,3010.4947;3035.5340;3024.1838;2983.7487;2933.2094,4;4;4;4;4
R2,r2_2_6,GNN-Hybrid-DDQN,4.0,0.0,0.0,2966.82,22.27,1.85,100.0,69.9,0.0,0.75,False,2964.3634;2989.8838;2932.1226;2955.9946;2991.7174,4;4;4;4;4
R2,r2_2_7,OR-Tools,,,,,,,,0.0,,,False,,
R2,r2_2_7,ALNS-Base,4.0,0.0,0.0,2700.07,54.41,10.16,100.0,3.6,0.0,2.02,False,2608.0092;2676.5149;2713.1694;2738.1927;2764.4639,4;4;4;4;4
R2,r2_2_7,Hybrid-Fixed,4.0,0.0,0.0,2522.92,36.29,2.93,100.0,80.2,0.0,1.44,False,2580.0858;2510.8012;2467.4424;2532.5803;2523.7034,4;4;4;4;4
R2,r2_2_7,Hybrid-Rule,4.0,0.0,0.0,2522.92,36.29,2.93,100.0,80.7,0.0,1.44,False,2580.0858;2510.8012;2467.4424;2532.5803;2523.7034,4;4;4;4;4
R2,r2_2_7,Hybrid-DDQN,4.0,0.0,0.0,2531.36,21.54,3.27,100.0,86.1,0.0,0.85,False,2550.2760;2520.7599;2540.8391;2494.1691;2550.7533,4;4;4;4;4
R2,r2_2_7,GNN-Hybrid-DDQN,4.0,0.0,0.0,2516.43,28.02,2.66,100.0,81.4,0.0,1.11,False,2561.8955;2476.2142;2526.5275;2511.9830;2505.5503,4;4;4;4;4
R2,r2_2_8,OR-Tools,,,,,,,,0.0,,,False,,
R2,r2_2_8,ALNS-Base,4.0,0.0,0.0,1991.32,34.17,7.65,100.0,5.8,0.0,1.72,False,2012.5595;1930.3380;1979.2458;2007.7755;2026.6968,4;4;4;4;4
R2,r2_2_8,Hybrid-Fixed,4.0,0.0,0.0,1887.35,31.83,2.03,100.0,82.8,0.0,1.69,False,1948.8607;1886.4279;1869.6963;1870.8024;1860.9808,4;4;4;4;4
R2,r2_2_8,Hybrid-Rule,4.0,0.0,0.0,1887.35,31.83,2.03,100.0,83.7,0.0,1.69,False,1948.8607;1886.4279;1869.6963;1870.8024;1860.9808,4;4;4;4;4
R2,r2_2_8,Hybrid-DDQN,4.0,0.0,0.0,1903.35,23.25,2.89,100.0,87.9,0.0,1.22,False,1925.5962;1886.4279;1884.1328;1883.3055;1937.2670,4;4;4;4;4
R2,r2_2_8,GNN-Hybrid-DDQN,4.0,0.0,0.0,1921.58,40.72,3.88,100.0,91.0,0.0,2.12,False,1885.8122;1970.0981;1863.4889;1932.9587;1955.5643,4;4;4;4;4
R2,r2_2_9,OR-Tools,,,,,,,,0.0,,,False,,
R2,r2_2_9,ALNS-Base,4.0,0.0,0.0,3366.75,55.87,8.88,100.0,2.5,0.0,1.66,False,3360.6905;3364.8391;3357.4654;3462.9383;3287.8138,4;4;4;4;4
R2,r2_2_9,Hybrid-Fixed,4.0,0.0,0.0,3178.22,28.21,2.79,100.0,97.1,0.0,0.89,False,3180.7953;3156.2963;3185.4907;3225.2719;3143.2327,4;4;4;4;4
R2,r2_2_9,Hybrid-Rule,4.0,0.0,0.0,3178.22,28.21,2.79,100.0,98.3,0.0,0.89,False,3180.7953;3156.2963;3185.4907;3225.2719;3143.2327,4;4;4;4;4
R2,r2_2_9,Hybrid-DDQN,4.0,0.0,0.0,3183.65,29.97,2.96,100.0,97.5,0.0,0.94,False,3179.8283;3159.7148;3236.5022;3191.0539;3151.1452,4;4;4;4;4
R2,r2_2_9,GNN-Hybrid-DDQN,4.0,0.0,0.0,3163.4,21.2,2.31,100.0,105.7,0.0,0.67,False,3187.2356;3154.4532;3160.3275;3129.9358;3185.0516,4;4;4;4;4
RC1,rc1_2_1,OR-Tools,,,,,,,,0.0,,,False,,
RC1,rc1_2_1,ALNS-Base,19.0,0.0,1.0,3919.23,129.35,8.78,100.0,3.8,0.0,3.3,False,3822.8546;3739.7045;4092.3313;4029.3224;3911.9580,19;19;19;19;19
RC1,rc1_2_1,Hybrid-Fixed,18.6,0.49,0.6,3961.33,329.36,9.95,100.0,68.2,2.63,8.31,False,4248.5179;4460.2790;3728.7736;3641.7541;3727.3384,18;18;19;19;19
RC1,rc1_2_1,Hybrid-Rule,18.8,0.4,0.8,3762.59,268.05,4.44,100.0,75.9,2.13,7.12,False,4294.6975;3593.5082;3614.5555;3619.6157;3690.5915,18;19;19;19;19
RC1,rc1_2_1,Hybrid-DDQN,19.0,0.0,1.0,3607.56,10.55,0.13,100.0,78.7,0.0,0.29,False,3618.2777;3591.2416;3599.6532;3617.6028;3611.0024,19;19;19;19;19
RC1,rc1_2_1,GNN-Hybrid-DDQN,18.6,0.49,0.6,3961.24,396.56,9.95,100.0,65.5,2.63,10.01,False,3596.6406;3710.6338;3668.1424;4630.0204;4200.7631,19;19;19;18;18
RC1,rc1_2_10,OR-Tools,,,,,,,,0.0,,,False,,
RC1,rc1_2_10,ALNS-Base,19.0,0.0,1.0,3478.06,70.54,15.92,100.0,2.4,0.0,2.03,False,3443.5249;3421.1356;3608.2511;3421.6209;3495.7476,19;19;19;19;19
RC1,rc1_2_10,Hybrid-Fixed,18.0,0.0,0.0,3307.43,149.7,10.24,100.0,90.9,0.0,4.53,False,3507.5772;3354.1054;3403.4035;3166.3956;3105.6480,18;18;18;18;18
RC1,rc1_2_10,Hybrid-Rule,18.0,0.0,0.0,3243.11,116.83,8.09,100.0,84.8,0.0,3.6,False,3444.0132;3288.5717;3210.9359;3166.3956;3105.6480,18;18;18;18;18
RC1,rc1_2_10,Hybrid-DDQN,18.0,0.0,0.0,3273.09,67.37,9.09,100.0,103.4,0.0,2.06,False,3318.0295;3273.1654;3350.1633;3272.3984;3151.7024,18;18;18;18;18
RC1,rc1_2_10,GNN-Hybrid-DDQN,18.0,0.0,0.0,3319.92,88.56,10.65,100.0,83.3,0.0,2.67,False,3286.0976;3206.1212;3264.6464;3448.6124;3394.1138,18;18;18;18;18
RC1,rc1_2_2,OR-Tools,,,,,,,,0.0,,,False,,
RC1,rc1_2_2,ALNS-Base,18.8,0.4,0.8,3753.56,184.87,15.53,100.0,2.3,2.13,4.93,False,3797.1308;3585.7282;3625.5992;4094.8945;3664.4620,19;19;19;18;19
RC1,rc1_2_2,Hybrid-Fixed,18.0,0.0,0.0,3808.54,247.07,17.22,100.0,94.0,0.0,6.49,False,4291.9110;3626.9053;3670.6535;3782.0094;3671.2358,18;18;18;18;18
RC1,rc1_2_2,Hybrid-Rule,18.0,0.0,0.0,3824.28,241.37,17.7,100.0,90.7,0.0,6.31,False,4291.9110;3626.9053;3806.7628;3724.5905;3671.2358,18;18;18;18;18
RC1,rc1_2_2,Hybrid-DDQN,18.0,0.0,0.0,3938.85,152.82,21.23,100.0,86.2,0.0,3.88,False,4112.0791;4013.2788;3891.9467;3666.9002;4010.0280,18;18;18;18;18
RC1,rc1_2_2,GNN-Hybrid-DDQN,18.0,0.0,0.0,3708.01,59.34,14.13,100.0,93.6,0.0,1.6,False,3668.7677;3747.0275;3799.3342;3630.4363;3694.4611,18;18;18;18;18
RC1,rc1_2_3,OR-Tools,,,,,,,,0.0,,,False,,
RC1,rc1_2_3,ALNS-Base,18.0,0.0,0.0,4108.14,120.24,36.56,100.0,3.6,0.0,2.93,False,4232.4193;4033.9643;4160.9729;3909.6169;4203.7427,18;18;18;18;18
RC1,rc1_2_3,Hybrid-Fixed,18.0,0.0,0.0,3540.37,95.75,17.69,100.0,67.6,0.0,2.7,False,3418.4827;3658.0146;3446.2123;3631.0412;3548.0789,18;18;18;18;18
RC1,rc1_2_3,Hybrid-Rule,18.0,0.0,0.0,3518.88,72.85,16.97,100.0,66.7,0.0,2.07,False,3417.6808;3466.7484;3530.8389;3631.0412;3548.0789,18;18;18;18;18
RC1,rc1_2_3,Hybrid-DDQN,18.0,0.0,0.0,3441.8,95.0,14.41,100.0,82.9,0.0,2.76,False,3521.6112;3335.0865;3554.6872;3472.6995;3324.8992,18;18;18;18;18
RC1,rc1_2_3,GNN-Hybrid-DDQN,18.0,0.0,0.0,3402.17,95.41,13.09,100.0,44.0,0.0,2.8,False,3518.2956;3499.8100;3266.4327;3385.8130;3340.4933,18;18;18;18;18
RC1,rc1_2_4,OR-Tools,,,,,,,,0.0,,,False,,
RC1,rc1_2_4,ALNS-Base,18.2,0.4,0.2,3716.35,200.53,30.32,100.0,4.0,2.2,5.4,False,3765.9631;3826.4662;3667.9639;3958.9448;3362.3897,18;18;18;18;19
RC1,rc1_2_4,Hybrid-Fixed,18.0,0.0,0.0,3247.4,63.66,13.88,100.0,76.4,0.0,1.96,False,3283.8299;3163.7246;3276.8831;3330.1193;3182.4306,18;18;18;18;18
RC1,rc1_2_4,Hybrid-Rule,18.0,0.0,0.0,3349.32,92.03,17.45,100.0,91.3,0.0,2.75,False,3320.1230;3480.9838;3344.1177;3399.1682;3202.1841,18;18;18;18;18
RC1,rc1_2_4,Hybrid-DDQN,18.0,0.0,0.0,3323.63,104.03,16.55,100.0,76.5,0.0,3.13,False,3262.0410;3373.4146;3149.5443;3405.1276;3428.0058,18;18;18;18;18
RC1,rc1_2_4,GNN-Hybrid-DDQN,18.0,0.0,0.0,3151.9,42.48,10.53,100.0,76.1,0.0,1.35,False,3126.8191;3175.8434;3095.2965;3142.3478;3219.1847,18;18;18;18;18
RC1,rc1_2_5,OR-Tools,,,,,,,,0.0,,,False,,
RC1,rc1_2_5,ALNS-Base,19.0,0.0,1.0,3776.42,72.85,12.03,100.0,4.7,0.0,1.93,False,3786.2105;3797.3677;3826.8953;3635.4303;3836.2192,19;19;19;19;19
RC1,rc1_2_5,Hybrid-Fixed,18.0,0.0,0.0,4144.17,181.71,22.94,100.0,79.7,0.0,4.38,False,3894.2016;4439.5152;4120.1079;4218.8776;4048.1408,18;18;18;18;18
RC1,rc1_2_5,Hybrid-Rule,18.0,0.0,0.0,4109.96,150.88,21.92,100.0,70.9,0.0,3.67,False,4161.3028;4161.9861;4299.0846;4086.0413;3841.3709,18;18;18;18;18
RC1,rc1_2_5,Hybrid-DDQN,18.0,0.0,0.0,4057.94,223.94,20.38,100.0,70.1,0.0,5.52,False,3738.3889;3941.7797;4241.7855;4370.4458;3997.2939,18;18;18;18;18
RC1,rc1_2_5,GNN-Hybrid-DDQN,18.0,0.0,0.0,4183.19,189.25,24.09,100.0,68.9,0.0,4.52,False,4348.7306;4323.0506;4306.9481;4079.7982;3857.4433,18;18;18;18;18
RC1,rc1_2_6,OR-Tools,,,,,,,,0.0,,,False,,
RC1,rc1_2_6,ALNS-Base,19.0,0.0,1.0,3718.51,54.6,11.84,100.0,4.4,0.0,1.47,False,3729.8049;3667.4686;3668.9455;3816.6793;3709.6573,19;19;19;19;19
RC1,rc1_2_6,Hybrid-Fixed,18.0,0.0,0.0,4073.5,309.76,22.52,100.0,91.5,0.0,7.6,False,4216.2921;4550.1013;4129.6966;3715.0749;3756.3315,18;18;18;18;18
RC1,rc1_2_6,Hybrid-Rule,18.0,0.0,0.0,3980.98,302.38,19.74,100.0,92.8,0.0,7.6,False,3873.1611;4550.1013;3715.7157;4009.6122;3756.3315,18;18;18;18;18
RC1,rc1_2_6,Hybrid-DDQN,18.0,0.0,0.0,4334.34,240.8,30.36,100.0,83.6,0.0,5.56,False,4621.7191;4629.7492;4192.7817;4077.0710;4150.3895,18;18;18;18;18
RC1,rc1_2_6,GNN-Hybrid-DDQN,18.0,0.0,0.0,4035.81,243.75,21.39,100.0,80.6,0.0,6.04,False,3915.7735;4399.8224;4248.9091;3795.2129;3819.3418,18;18;18;18;18
RC1,rc1_2_7,OR-Tools,,,,,,,,0.0,,,False,,
RC1,rc1_2_7,ALNS-Base,19.0,0.0,1.0,3602.11,66.02,12.94,100.0,4.5,0.0,1.83,False,3496.2929;3637.0054;3577.8360;3603.5737;3695.8431,19;19;19;19;19
RC1,rc1_2_7,Hybrid-Fixed,18.0,0.0,0.0,3828.6,153.95,20.04,100.0,104.4,0.0,4.02,False,4032.1776;3643.2530;3961.4396;3835.6978;3670.4476,18;18;18;18;18
RC1,rc1_2_7,Hybrid-Rule,18.0,0.0,0.0,3810.09,137.4,19.46,100.0,100.2,0.0,3.61,False,4032.1776;3658.4315;3854.1268;3835.2545;3670.4476,18;18;18;18;18
RC1,rc1_2_7,Hybrid-DDQN,18.0,0.0,0.0,3626.77,161.27,13.72,100.0,104.2,0.0,4.45,False,3754.2921;3591.7166;3866.2874;3466.2807;3455.2489,18;18;18;18;18
RC1,rc1_2_7,GNN-Hybrid-DDQN,18.0,0.0,0.0,3866.46,275.67,21.23,100.0,92.8,0.0,7.13,False,4305.5210;3552.9702;3936.0635;3588.5467;3949.2040,18;18;18;18;18
RC1,rc1_2_8,OR-Tools,,,,,,,,0.0,,,False,,
RC1,rc1_2_8,ALNS-Base,18.8,0.4,0.8,3610.5,180.12,17.07,100.0,2.9,2.13,4.99,False,3557.5122;3463.6095;3951.7207;3464.3039;3615.3291,19;19;18;19;19
RC1,rc1_2_8,Hybrid-Fixed,18.0,0.0,0.0,3526.94,121.67,14.37,100.0,42.5,0.0,3.45,False,3709.9422;3423.1414;3410.2503;3633.5303;3457.8317,18;18;18;18;18
RC1,rc1_2_8,Hybrid-Rule,18.0,0.0,0.0,3515.68,117.17,14.0,100.0,41.6,0.0,3.33,False,3697.9811;3429.0117;3425.5597;3413.5240;3612.3390,18;18;18;18;18
RC1,rc1_2_8,Hybrid-DDQN,18.0,0.0,0.0,3482.3,90.13,12.92,100.0,38.2,0.0,2.59,False,3354.1650;3463.9684;3502.0266;3633.5303;3457.8317,18;18;18;18;18
RC1,rc1_2_8,GNN-Hybrid-DDQN,18.0,0.0,0.0,3459.22,102.68,12.17,100.0,40.2,0.0,2.97,False,3322.1127;3421.8264;3395.4242;3584.0848;3572.6333,18;18;18;18;18
RC1,rc1_2_9,OR-Tools,,,,,,,,0.0,,,False,,
RC1,rc1_2_9,ALNS-Base,19.0,0.0,1.0,3453.17,21.17,12.07,100.0,2.9,0.0,0.61,False,3471.1890;3414.1652;3447.6795;3463.7614;3469.0616,19;19;19;19;19
RC1,rc1_2_9,Hybrid-Fixed,18.0,0.0,0.0,3418.08,137.34,10.94,100.0,95.4,0.0,4.02,False,3681.7693;3300.9005;3402.4398;3386.0832;3319.1840,18;18;18;18;18
RC1,rc1_2_9,Hybrid-Rule,18.0,0.0,0.0,3527.73,203.13,14.49,100.0,90.7,0.0,5.76,False,3681.7693;3849.1783;3402.4398;3386.0832;3319.1840,18;18;18;18;18
RC1,rc1_2_9,Hybrid-DDQN,18.0,0.0,0.0,3460.0,107.91,12.3,100.0,94.2,0.0,3.12,False,3284.8962;3476.7967;3508.7377;3417.5701;3612.0012,18;18;18;18;18
RC1,rc1_2_9,GNN-Hybrid-DDQN,18.0,0.0,0.0,3348.53,127.74,8.68,100.0,73.8,0.0,3.81,False,3515.7489;3476.2220;3280.6082;3176.1299;3293.9406,18;18;18;18;18
RC2,rc2_2_1,OR-Tools,,,,,,,,0.0,,,False,,
RC2,rc2_2_1,ALNS-Base,6.4,0.49,0.4,3277.52,123.83,5.74,100.0,2.2,7.65,3.78,False,3130.6953;3435.7397;3338.4571;3350.3300;3132.3760,7;6;6;6;7
RC2,rc2_2_1,Hybrid-Fixed,6.0,0.0,0.0,3173.79,40.48,2.4,100.0,89.2,0.0,1.28,False,3205.8777;3174.2176;3112.5437;3226.8915;3149.4340,6;6;6;6;6
RC2,rc2_2_1,Hybrid-Rule,6.0,0.0,0.0,3191.04,26.76,2.95,100.0,91.7,0.0,0.84,False,3205.8777;3174.2176;3198.7858;3226.8915;3149.4340,6;6;6;6;6
RC2,rc2_2_1,Hybrid-DDQN,6.0,0.0,0.0,3182.8,29.22,2.69,100.0,87.8,0.0,0.92,False,3152.1298;3154.5817;3172.7142;3212.2132;3222.3561,6;6;6;6;6
RC2,rc2_2_1,GNN-Hybrid-DDQN,6.0,0.0,0.0,3190.62,46.14,2.94,100.0,80.4,0.0,1.45,False,3167.5600;3162.4764;3271.9884;3209.0296;3142.0447,6;6;6;6;6
RC2,rc2_2_10,OR-Tools,,,,,,,,0.0,,,False,,
RC2,rc2_2_10,ALNS-Base,4.0,0.0,0.0,2319.83,75.44,15.09,100.0,3.9,0.0,3.25,False,2281.3100;2382.6697;2295.8280;2213.7129;2425.6070,4;4;4;4;4
RC2,rc2_2_10,Hybrid-Fixed,4.0,0.0,0.0,2107.08,29.63,4.54,100.0,89.2,0.0,1.41,False,2052.7386;2141.3895;2105.5725;2114.3450;2121.3676,4;4;4;4;4
RC2,rc2_2_10,Hybrid-Rule,4.0,0.0,0.0,2107.08,29.63,4.54,100.0,89.3,0.0,1.41,False,2052.7386;2141.3895;2105.5725;2114.3450;2121.3676,4;4;4;4;4
RC2,rc2_2_10,Hybrid-DDQN,4.0,0.0,0.0,2090.29,38.19,3.71,100.0,82.5,0.0,1.83,False,2095.6527;2066.5950;2104.5618;2149.2851;2035.3439,4;4;4;4;4
RC2,rc2_2_10,GNN-Hybrid-DDQN,4.0,0.0,0.0,2078.69,38.58,3.13,100.0,75.6,0.0,1.86,False,2042.8876;2056.8265;2081.3186;2151.8214;2060.6175,4;4;4;4;4
RC2,rc2_2_2,OR-Tools,,,,,,,,0.0,,,False,,
RC2,rc2_2_2,ALNS-Base,5.8,0.4,0.8,2900.6,108.42,2.67,100.0,2.5,6.9,3.74,False,2853.8175;2754.4319;3086.0250;2884.2231;2924.4881,6;6;5;6;6
RC2,rc2_2_2,Hybrid-Fixed,5.0,0.0,0.0,2949.32,77.86,4.39,100.0,92.3,0.0,2.64,False,2849.7195;2899.5311;2948.1454;3081.9559;2967.2233,5;5;5;5;5
RC2,rc2_2_2,Hybrid-Rule,5.0,0.0,0.0,2921.23,51.85,3.4,100.0,89.2,0.0,1.78,False,2873.2251;2899.5311;2887.0338;3018.4648;2927.8709,5;5;5;5;5
RC2,rc2_2_2,Hybrid-DDQN,5.0,0.0,0.0,2916.65,58.51,3.24,100.0,92.7,0.0,2.01,False,2848.7926;2876.6558;2884.1190;2985.8731;2987.8237,5;5;5;5;5
RC2,rc2_2_2,GNN-Hybrid-DDQN,5.0,0.0,0.0,2990.22,54.56,5.84,100.0,94.7,0.0,1.82,False,3044.2847;3044.2421;2935.1966;2915.6777;3011.6813,5;5;5;5;5
RC2,rc2_2_3,OR-Tools,,,,,,,,0.0,,,False,,
RC2,rc2_2_3,ALNS-Base,5.0,0.0,1.0,2609.39,40.8,0.29,100.0,3.4,0.0,1.56,False,2591.9494;2643.9428;2665.6980;2550.7929;2594.5774,5;5;5;5;5
RC2,rc2_2_3,Hybrid-Fixed,4.2,0.4,0.2,3029.73,640.03,16.44,100.0,118.2,9.52,21.12,False,4287.8584;2751.3061;2901.5689;2537.6418;2670.2993,4;4;4;5;4
RC2,rc2_2_3,Hybrid-Rule,4.2,0.4,0.2,3025.26,640.98,16.27,100.0,118.0,9.52,21.19,False,4287.8584;2751.3061;2879.2054;2537.6418;2670.2993,4;4;4;5;4
RC2,rc2_2_3,Hybrid-DDQN,4.0,0.0,0.0,3057.98,715.08,17.53,100.0,116.5,0.0,23.38,False,4487.5824;2701.4628;2718.3868;2718.6611;2663.8036,4;4;4;4;4
RC2,rc2_2_3,GNN-Hybrid-DDQN,4.0,0.0,0.0,2762.09,57.88,6.16,100.0,105.7,0.0,2.1,False,2782.7479;2840.6915;2739.3647;2781.6927;2665.9402,4;4;4;4;4
RC2,rc2_2_4,OR-Tools,,,,,,,,0.0,,,False,,
RC2,rc2_2_4,ALNS-Base,4.0,0.0,0.0,2262.2,41.55,10.97,100.0,5.0,0.0,1.84,False,2215.1769;2254.5684;2225.7910;2328.8207;2286.6538,4;4;4;4;4
RC2,rc2_2_4,Hybrid-Fixed,4.0,0.0,0.0,2094.06,14.56,2.72,100.0,81.0,0.0,0.7,False,2098.5524;2087.9653;2116.2531;2071.5561;2095.9632,4;4;4;4;4
RC2,rc2_2_4,Hybrid-Rule,4.0,0.0,0.0,2094.06,14.56,2.72,100.0,79.9,0.0,0.7,False,2098.5524;2087.9653;2116.2531;2071.5561;2095.9632,4;4;4;4;4
RC2,rc2_2_4,Hybrid-DDQN,4.0,0.0,0.0,2098.81,41.52,2.96,100.0,81.9,0.0,1.98,False,2103.1529;2067.2383;2176.5572;2085.4645;2061.6563,4;4;4;4;4
RC2,rc2_2_4,GNN-Hybrid-DDQN,4.0,0.0,0.0,2144.74,33.25,5.21,100.0,77.0,0.0,1.55,False,2162.2427;2146.3758;2155.6237;2081.5100;2177.9294,4;4;4;4;4
RC2,rc2_2_5,OR-Tools,,,,,,,,0.0,,,False,,
RC2,rc2_2_5,ALNS-Base,5.0,0.0,1.0,2974.07,34.61,2.15,100.0,2.6,0.0,1.16,False,2956.6990;3015.8374;2957.3575;3012.8481;2927.5958,5;5;5;5;5
RC2,rc2_2_5,Hybrid-Fixed,4.2,0.4,0.2,3212.72,274.51,10.35,100.0,110.3,9.52,8.54,False,3258.3404;2767.0456;3578.4472;3374.3083;3085.4652,4;5;4;4;4
RC2,rc2_2_5,Hybrid-Rule,4.2,0.4,0.2,3132.59,205.98,7.6,100.0,107.3,9.52,6.58,False,3258.3404;2767.0456;3177.8114;3374.3083;3085.4652,4;5;4;4;4
RC2,rc2_2_5,Hybrid-DDQN,4.2,0.4,0.2,3520.25,647.12,20.91,100.0,115.2,9.52,18.38,False,3162.9514;3124.5351;2816.8808;4605.0184;3891.8738,4;4;5;4;4
RC2,rc2_2_5,GNN-Hybrid-DDQN,4.4,0.49,0.4,3607.37,829.59,23.9,100.0,117.0,11.13,23.0,False,4662.2690;2772.9076;4542.3201;2817.1198;3242.2111,4;5;4;5;4
RC2,rc2_2_6,OR-Tools,,,,,,,,0.0,,,False,,
RC2,rc2_2_6,ALNS-Base,5.0,0.0,1.0,2921.44,45.41,1.68,100.0,2.6,0.0,1.55,False,2847.9222;2990.8558;2917.4808;2929.9844;2920.9377,5;5;5;5;5
RC2,rc2_2_6,Hybrid-Fixed,4.6,0.49,0.6,3009.21,377.48,4.74,100.0,118.5,10.65,12.54,False,3172.6332;2718.8019;3681.8700;2741.3848;2731.3710,4;5;4;5;5
RC2,rc2_2_6,Hybrid-Rule,4.6,0.49,0.6,3009.21,377.48,4.74,100.0,118.5,10.65,12.54,False,3172.6332;2718.8019;3681.8700;2741.3848;2731.3710,4;5;4;5;5
RC2,rc2_2_6,Hybrid-DDQN,5.0,0.0,1.0,2692.14,31.1,-6.3,100.0,120.6,0.0,1.16,True,2658.0613;2661.0933;2719.8872;2735.7648;2685.8915,5;5;5;5;5
RC2,rc2_2_6,GNN-Hybrid-DDQN,5.0,0.0,1.0,2663.43,48.22,-7.3,100.0,118.4,0.0,1.81,True,2635.3985;2759.2647;2647.6275;2632.3171;2642.5366,5;5;5;5;5
RC2,rc2_2_7,OR-Tools,,,,,,,,0.0,,,False,,
RC2,rc2_2_7,ALNS-Base,4.4,0.49,0.4,2759.0,76.46,9.23,100.0,2.7,11.13,2.77,False,2738.4690;2623.9796;2851.6429;2793.4751;2787.4377,5;5;4;4;4
RC2,rc2_2_7,Hybrid-Fixed,4.0,0.0,0.0,2604.56,69.25,3.12,100.0,109.8,0.0,2.66,False,2560.1637;2545.4008;2694.9375;2539.5461;2682.7429,4;4;4;4;4
RC2,rc2_2_7,Hybrid-Rule,4.0,0.0,0.0,2604.56,69.25,3.12,100.0,109.7,0.0,2.66,False,2560.1637;2545.4008;2694.9375;2539.5461;2682.7429,4;4;4;4;4
RC2,rc2_2_7,Hybrid-DDQN,4.0,0.0,0.0,2635.22,46.25,4.33,100.0,108.1,0.0,1.76,False,2622.0817;2723.7496;2588.7838;2628.1402;2613.3475,4;4;4;4;4
RC2,rc2_2_7,GNN-Hybrid-DDQN,4.0,0.0,0.0,2618.72,51.69,3.68,100.0,77.4,0.0,1.97,False,2667.8883;2541.2328;2596.2171;2683.7548;2604.5187,4;4;4;4;4
RC2,rc2_2_8,OR-Tools,,,,,,,,0.0,,,False,,
RC2,rc2_2_8,ALNS-Base,4.0,0.0,0.0,2538.33,35.17,10.72,100.0,2.9,0.0,1.39,False,2530.2686;2558.0712;2562.0569;2568.2739;2472.9776,4;4;4;4;4
RC2,rc2_2_8,Hybrid-Fixed,4.0,0.0,0.0,2351.86,12.11,2.59,100.0,82.9,0.0,0.51,False,2360.6942;2366.1970;2349.3508;2330.8103;2352.2452,4;4;4;4;4
RC2,rc2_2_8,Hybrid-Rule,4.0,0.0,0.0,2351.86,12.11,2.59,100.0,83.6,0.0,0.51,False,2360.6942;2366.1970;2349.3508;2330.8103;2352.2452,4;4;4;4;4
RC2,rc2_2_8,Hybrid-DDQN,4.0,0.0,0.0,2370.09,16.34,3.38,100.0,76.2,0.0,0.69,False,2378.2524;2348.1443;2381.0961;2389.6716;2353.2809,4;4;4;4;4
RC2,rc2_2_8,GNN-Hybrid-DDQN,4.0,0.0,0.0,2362.16,26.68,3.04,100.0,68.8,0.0,1.13,False,2346.9701;2340.9598;2392.7065;2396.1194;2334.0256,4;4;4;4;4
RC2,rc2_2_9,OR-Tools,,,,,,,,0.0,,,False,,
RC2,rc2_2_9,ALNS-Base,4.0,0.0,0.0,2563.24,44.43,17.85,100.0,3.1,0.0,1.73,False,2479.4942;2600.4222;2568.5506;2601.1276;2566.5965,4;4;4;4;4
RC2,rc2_2_9,Hybrid-Fixed,4.0,0.0,0.0,2294.72,17.0,5.5,100.0,82.4,0.0,0.74,False,2323.3542;2289.7105;2298.1512;2291.7409;2270.6409,4;4;4;4;4
RC2,rc2_2_9,Hybrid-Rule,4.0,0.0,0.0,2294.72,17.0,5.5,100.0,81.4,0.0,0.74,False,2323.3542;2289.7105;2298.1512;2291.7409;2270.6409,4;4;4;4;4
RC2,rc2_2_9,Hybrid-DDQN,4.0,0.0,0.0,2244.6,24.23,3.2,100.0,79.8,0.0,1.08,False,2253.7782;2250.9025;2280.3178;2208.3834;2229.5990,4;4;4;4;4
RC2,rc2_2_9,GNN-Hybrid-DDQN,4.0,0.0,0.0,2243.38,32.08,3.14,100.0,53.8,0.0,1.43,False,2231.5000;2245.7004;2219.7902;2304.0731;2215.8522,4;4;4;4;4
C1,c1_4_1,ALNS-Base,40.6,0.8,0.6,7431.05,283.17,3.9,100.0,10.1,1.97,3.81,False,7959.3627;7272.0088;7206.8114;7224.9006;7492.1620,42;40;40;40;41
C1,c1_4_1,Hybrid-Fixed,40.0,0.0,0.0,7152.06,0.0,0.0,100.0,67.0,0.0,0.0,False,7152.0566;7152.0566;7152.0566;7152.0566;7152.0566,40;40;40;40;40
C1,c1_4_1,Hybrid-Rule,40.0,0.0,0.0,7152.06,0.0,0.0,100.0,66.5,0.0,0.0,False,7152.0566;7152.0566;7152.0566;7152.0566;7152.0566,40;40;40;40;40
C1,c1_4_1,Hybrid-DDQN,40.0,0.0,0.0,7152.06,0.0,0.0,100.0,71.6,0.0,0.0,False,7152.0566;7152.0566;7152.0566;7152.0566;7152.0566,40;40;40;40;40
C1,c1_4_1,GNN-Hybrid-DDQN,40.0,0.0,0.0,7152.06,0.0,0.0,100.0,95.2,0.0,0.0,False,7152.0566;7152.0566;7152.0566;7152.0566;7152.0566,40;40;40;40;40
C1,c1_4_1,OR-Tools,,,,,,,,0.0,,,False,,
C1,c1_4_6,ALNS-Base,41.8,0.4,1.8,7745.67,79.47,8.28,100.0,11.5,0.96,1.03,False,7707.3143;7758.7864;7837.3686;7614.1526;7810.7185,42;42;42;41;42
C1,c1_4_6,Hybrid-Fixed,40.0,0.0,0.0,7153.57,0.22,0.0,100.0,98.9,0.0,0.0,False,7153.4548;7153.4548;7154.0159;7153.4548;7153.4548,40;40;40;40;40
C1,c1_4_6,Hybrid-Rule,40.0,0.0,0.0,7153.45,0.0,0.0,100.0,99.6,0.0,0.0,False,7153.4548;7153.4548;7153.4548;7153.4548;7153.4548,40;40;40;40;40
C1,c1_4_6,Hybrid-DDQN,40.0,0.0,0.0,7153.57,0.22,0.0,100.0,103.7,0.0,0.0,False,7153.4548;7154.0159;7153.4548;7153.4548;7153.4548,40;40;40;40;40
C1,c1_4_6,GNN-Hybrid-DDQN,40.0,0.0,0.0,7153.68,0.27,0.0,100.0,106.3,0.0,0.0,False,7153.4548;7154.0159;7153.4548;7154.0159;7153.4548,40;40;40;40;40
C1,c1_4_6,OR-Tools,,,,,,,,0.0,,,False,,
C1,c1_4_5,ALNS-Base,40.8,0.75,0.8,7507.9,194.77,4.98,100.0,12.0,1.83,2.59,False,7357.2919;7383.4855;7316.8532;7684.3363;7797.5255,40;40;41;42;41
C1,c1_4_5,Hybrid-Fixed,40.0,0.0,0.0,7152.06,0.0,0.0,100.0,105.6,0.0,0.0,False,7152.0566;7152.0566;7152.0566;7152.0566;7152.0566,40;40;40;40;40
C1,c1_4_5,Hybrid-Rule,40.0,0.0,0.0,7152.06,0.0,0.0,100.0,107.8,0.0,0.0,False,7152.0566;7152.0566;7152.0566;7152.0566;7152.0566,40;40;40;40;40
C1,c1_4_5,Hybrid-DDQN,40.0,0.0,0.0,7152.06,0.0,0.0,100.0,109.6,0.0,0.0,False,7152.0566;7152.0566;7152.0566;7152.0566;7152.0566,40;40;40;40;40
C1,c1_4_5,GNN-Hybrid-DDQN,40.0,0.0,0.0,7152.06,0.0,0.0,100.0,128.0,0.0,0.0,False,7152.0566;7152.0566;7152.0566;7152.0566;7152.0566,40;40;40;40;40
C1,c1_4_5,OR-Tools,,,,,,,,0.0,,,False,,
C1,c1_4_4,ALNS-Base,36.2,0.4,0.2,8086.31,573.9,18.86,100.0,14.9,1.1,7.1,False,7649.2746;7767.5295;9213.7262;7816.6184;7984.4095,36;36;36;37;36
C1,c1_4_4,Hybrid-Fixed,36.0,0.0,0.0,7886.09,174.39,15.92,100.0,110.1,0.0,2.21,False,8005.2063;7620.8580;7750.0448;7959.2945;8095.0470,36;36;36;36;36
C1,c1_4_4,Hybrid-Rule,36.0,0.0,0.0,7839.72,167.12,15.24,100.0,107.1,0.0,2.13,False,8054.6702;7613.0712;7899.0446;7679.1067;7952.6836,36;36;36;36;36
C1,c1_4_4,Hybrid-DDQN,36.0,0.0,0.0,7628.2,273.03,12.13,100.0,117.3,0.0,3.58,False,7999.3249;7528.8880;7200.0494;7584.6907;7828.0334,36;36;36;36;36
C1,c1_4_4,GNN-Hybrid-DDQN,36.0,0.0,0.0,7866.48,240.48,15.63,100.0,138.6,0.0,3.06,False,8127.0963;7628.2006;7714.3930;7673.5652;8189.1428,36;36;36;36;36
C1,c1_4_4,OR-Tools,,,,,,,,0.0,,,False,,
C1,c1_4_3,ALNS-Base,37.0,0.0,1.0,8812.5,266.47,24.81,100.0,10.4,0.0,3.02,False,8368.7982;9067.2483;8745.6753;8772.9393;9107.8353,37;37;37;37;37
C1,c1_4_3,Hybrid-Fixed,36.0,0.0,0.0,8679.03,566.52,22.92,100.0,103.4,0.0,6.53,False,8963.9941;9006.0281;8823.1753;9045.9464;7555.9959,36;36;36;36;36
C1,c1_4_3,Hybrid-Rule,36.0,0.0,0.0,8131.28,429.42,15.16,100.0,119.7,0.0,5.28,False,8062.0369;7829.2465;8757.8892;8451.2541;7555.9959,36;36;36;36;36
C1,c1_4_3,Hybrid-DDQN,36.0,0.0,0.0,8014.78,451.03,13.51,100.0,128.0,0.0,5.63,False,7783.9206;7732.6304;7833.5981;8914.3424;7809.3952,36;36;36;36;36
C1,c1_4_3,GNN-Hybrid-DDQN,36.0,0.0,0.0,8402.68,243.63,19.01,100.0,151.7,0.0,2.9,False,8458.3570;8646.4208;8045.7521;8202.0885;8660.8020,36;36;36;36;36
C1,c1_4_3,OR-Tools,,,,,,,,0.0,,,False,,
C1,c1_4_10,ALNS-Base,38.0,0.0,2.0,8159.92,556.18,18.94,100.0,14.7,0.0,6.82,False,9030.9750;7797.8835;7589.4981;7784.6360;8596.5841,38;38;38;38;38
C1,c1_4_10,Hybrid-Fixed,36.2,0.4,0.2,8130.29,279.41,18.51,100.0,131.3,1.1,3.44,False,8241.0071;8053.8642;7655.6638;8508.6173;8192.2975,36;36;37;36;36
C1,c1_4_10,Hybrid-Rule,36.2,0.4,0.2,8171.26,375.56,19.1,100.0,129.4,1.1,4.6,False,7792.5474;7971.2927;8556.9614;8688.7119;7846.7716,37;36;36;36;36
C1,c1_4_10,Hybrid-DDQN,36.0,0.0,0.0,7950.52,285.07,15.89,100.0,130.6,0.0,3.59,False,8423.8103;7869.4949;7874.5862;8037.2616;7547.4334,36;36;36;36;36
C1,c1_4_10,GNN-Hybrid-DDQN,36.0,0.0,0.0,8219.31,321.19,19.8,100.0,154.4,0.0,3.91,False,7915.7314;8588.4864;8185.3938;7825.5056;8581.4375,36;36;36;36;36
C1,c1_4_10,OR-Tools,,,,,,,,0.0,,,False,,
C1,c1_4_2,ALNS-Base,39.0,0.63,3.0,8462.66,685.44,10.1,100.0,15.5,1.62,8.1,False,7760.7887;9731.0152;8327.4042;7985.7752;8508.3268,39;38;39;40;39
C1,c1_4_2,Hybrid-Fixed,37.6,0.49,1.6,7673.9,291.95,-0.16,100.0,130.7,1.3,3.8,True,7684.3601;7359.7052;8082.0228;7900.3710;7343.0168,38;38;37;37;38
C1,c1_4_2,Hybrid-Rule,37.6,0.49,1.6,7694.6,245.65,0.11,100.0,123.2,1.3,3.19,False,7307.9999;8016.3065;7650.4206;7892.0559;7606.2049,38;37;38;37;38
C1,c1_4_2,Hybrid-DDQN,37.0,0.0,1.0,8046.96,214.62,4.69,100.0,141.7,0.0,2.67,False,7831.1598;7831.0353;7983.3503;8222.5799;8366.6884,37;37;37;37;37
C1,c1_4_2,GNN-Hybrid-DDQN,37.2,0.4,1.2,7687.6,242.71,0.02,100.0,151.8,1.08,3.16,False,8061.0435;7695.0324;7294.2049;7684.3403;7703.3765,37;37;38;37;37
C1,c1_4_2,OR-Tools,,,,,,,,0.0,,,False,,
C1,c1_4_7,ALNS-Base,40.8,0.4,1.8,7938.22,65.71,7.01,100.0,12.8,0.98,0.83,False,7906.9973;7880.6312;8065.8817;7929.8262;7907.7755,41;41;41;40;41
C1,c1_4_7,Hybrid-Fixed,40.0,0.0,1.0,7149.46,0.03,-3.62,100.0,163.6,0.0,0.0,True,7149.4865;7149.4345;7149.4345;7149.4865;7149.4345,40;40;40;40;40
C1,c1_4_7,Hybrid-Rule,40.0,0.0,1.0,7149.48,0.02,-3.62,100.0,160.1,0.0,0.0,True,7149.4865;7149.4345;7149.4865;7149.4865;7149.4865,40;40;40;40;40
C1,c1_4_7,Hybrid-DDQN,40.0,0.0,1.0,7149.46,0.03,-3.62,100.0,158.4,0.0,0.0,True,7149.4345;7149.4345;7149.4345;7149.4865;7149.4865,40;40;40;40;40
C1,c1_4_7,GNN-Hybrid-DDQN,40.0,0.0,1.0,7149.46,0.03,-3.62,100.0,189.5,0.0,0.0,True,7149.4345;7149.4345;7149.4345;7149.4865;7149.4865,40;40;40;40;40
C1,c1_4_7,OR-Tools,,,,,,,,0.0,,,False,,
C1,c1_4_8,ALNS-Base,40.0,0.63,3.0,7406.77,169.8,0.81,100.0,16.7,1.58,2.29,False,7204.2741;7339.2584;7678.4739;7294.6350;7517.2195,40;40;41;40;39
C1,c1_4_8,Hybrid-Fixed,38.2,0.4,1.2,7444.22,112.73,1.32,100.0,155.9,1.05,1.51,False,7239.2544;7560.5484;7527.2459;7470.3703;7423.6692,39;38;38;38;38
C1,c1_4_8,Hybrid-Rule,38.0,0.0,1.0,7446.41,104.73,1.35,100.0,164.3,0.0,1.41,False,7508.7488;7315.1204;7454.7415;7602.8353;7350.6139,38;38;38;38;38
C1,c1_4_8,Hybrid-DDQN,38.0,0.0,1.0,7535.22,202.7,2.56,100.0,149.7,0.0,2.69,False,7697.7058;7356.5200;7297.8864;7833.2054;7490.7995,38;38;38;38;38
C1,c1_4_8,GNN-Hybrid-DDQN,38.2,0.4,1.2,7542.08,171.74,2.65,100.0,203.4,1.05,2.28,False,7778.3577;7515.3261;7429.1719;7302.0496;7685.4761,39;38;38;38;38
C1,c1_4_8,OR-Tools,,,,,,,,0.0,,,False,,
C1,c1_4_9,ALNS-Base,38.6,0.49,2.6,9232.99,939.3,31.1,100.0,19.2,1.27,10.17,False,9153.2563;10073.0971;7644.9421;9000.7280;10292.9092,39;38;39;39;38
C1,c1_4_9,Hybrid-Fixed,37.0,0.0,1.0,7446.55,185.59,5.74,100.0,195.6,0.0,2.49,False,7611.7541;7690.8271;7324.0811;7423.5891;7182.4865,37;37;37;37;37
C1,c1_4_9,Hybrid-Rule,37.0,0.0,1.0,7477.21,173.25,6.17,100.0,192.7,0.0,2.32,False,7580.6805;7421.7173;7689.9334;7515.7627;7177.9667,37;37;37;37;37
C1,c1_4_9,Hybrid-DDQN,37.0,0.0,1.0,7612.77,137.39,8.1,100.0,197.4,0.0,1.8,False,7580.6805;7414.8592;7671.0804;7564.3655;7832.8548,37;37;37;37;37
C1,c1_4_9,GNN-Hybrid-DDQN,37.4,0.49,1.4,7426.9,291.93,5.46,100.0,201.2,1.31,3.93,False,7354.6654;7542.0206;7181.5772;7123.7733;7932.4444,38;37;37;38;37
C1,c1_4_9,OR-Tools,,,,,,,,0.0,,,False,,
C2,c2_4_1,ALNS-Base,13.0,0.0,1.0,4454.81,149.09,8.23,100.0,9.4,0.0,3.35,False,4442.2878;4466.3826;4725.4109;4345.1159;4294.8303,13;13;13;13;13
C2,c2_4_1,Hybrid-Fixed,12.0,0.0,0.0,4116.21,0.09,0.0,100.0,198.0,0.0,0.0,False,4116.1389;4116.1389;4116.3291;4116.1389;4116.3291,12;12;12;12;12
C2,c2_4_1,Hybrid-Rule,12.0,0.0,0.0,4116.18,0.08,0.0,100.0,201.2,0.0,0.0,False,4116.1389;4116.1389;4116.3291;4116.1389;4116.1389,12;12;12;12;12
C2,c2_4_1,Hybrid-DDQN,12.0,0.0,0.0,4116.29,0.08,0.01,100.0,198.9,0.0,0.0,False,4116.3291;4116.1389;4116.3291;4116.3291;4116.3291,12;12;12;12;12
C2,c2_4_1,GNN-Hybrid-DDQN,12.0,0.0,0.0,4116.21,0.09,0.0,100.0,199.1,0.0,0.0,False,4116.3291;4116.1389;4116.1389;4116.1389;4116.3291,12;12;12;12;12
C2,c2_4_1,OR-Tools,,,,,,,,0.0,,,False,,
C2,c2_4_10,ALNS-Base,12.2,0.4,1.2,4620.39,316.48,20.77,100.0,11.7,3.28,6.85,False,4624.3904;4299.5367;4667.3704;4331.5268;5179.1219,12;12;12;13;12
C2,c2_4_10,Hybrid-Fixed,12.0,0.0,1.0,3865.02,82.28,1.03,100.0,242.2,0.0,2.13,False,3832.7124;3798.1567;3883.9778;3793.8597;4016.3952,12;12;12;12;12
C2,c2_4_10,Hybrid-Rule,12.0,0.0,1.0,3866.27,84.58,1.06,100.0,241.3,0.0,2.19,False,3832.7124;3798.1567;3883.9778;3793.8597;4022.6343,12;12;12;12;12
C2,c2_4_10,Hybrid-DDQN,12.0,0.0,1.0,3859.74,85.47,0.89,100.0,240.6,0.0,2.21,False,3771.3481;3810.8074;3966.6934;3790.0122;3959.8160,12;12;12;12;12
C2,c2_4_10,GNN-Hybrid-DDQN,12.0,0.0,1.0,3871.88,30.83,1.21,100.0,240.6,0.0,0.8,False,3830.3094;3869.2992;3853.6597;3922.3158;3883.7938,12;12;12;12;12
C2,c2_4_10,OR-Tools,,,,,,,,0.0,,,False,,
C2,c2_4_2,ALNS-Base,12.0,0.0,0.0,4683.66,188.79,19.18,100.0,11.6,0.0,4.03,False,4698.1862;4957.0778;4556.4071;4410.7908;4795.8490,12;12;12;12;12
C2,c2_4_2,Hybrid-Fixed,12.0,0.0,0.0,3951.24,13.01,0.54,100.0,236.5,0.0,0.33,False,3946.6939;3954.4998;3970.8924;3930.6501;3953.4484,12;12;12;12;12
C2,c2_4_2,Hybrid-Rule,12.0,0.0,0.0,3953.28,13.96,0.6,100.0,236.4,0.0,0.35,False,3946.6939;3954.4998;3970.8924;3930.6501;3963.6685,12;12;12;12;12
C2,c2_4_2,Hybrid-DDQN,12.0,0.0,0.0,3959.82,20.8,0.76,100.0,236.6,0.0,0.53,False,3934.2486;3943.2156;3992.0346;3973.3619;3956.2247,12;12;12;12;12
C2,c2_4_2,GNN-Hybrid-DDQN,12.0,0.0,0.0,3985.24,14.47,1.41,100.0,240.1,0.0,0.36,False,4003.3611;3965.7461;3987.7485;3997.5701;3971.7955,12;12;12;12;12
C2,c2_4_2,OR-Tools,,,,,,,,0.0,,,False,,
C2,c2_4_3,ALNS-Base,12.0,0.0,1.0,4798.57,113.71,19.43,100.0,10.8,0.0,2.37,False,4770.4851;4938.5209;4915.0422;4732.5885;4636.2331,12;12;12;12;12
C2,c2_4_3,Hybrid-Fixed,12.0,0.0,1.0,3891.66,32.35,-3.14,100.0,242.0,0.0,0.83,True,3874.8256;3887.0566;3952.6229;3886.5842;3857.2309,12;12;12;12;12
C2,c2_4_3,Hybrid-Rule,12.0,0.0,1.0,3891.66,32.35,-3.14,100.0,241.4,0.0,0.83,True,3874.8256;3887.0566;3952.6229;3886.5842;3857.2309,12;12;12;12;12
C2,c2_4_3,Hybrid-DDQN,12.0,0.0,1.0,3900.45,60.81,-2.93,100.0,240.6,0.0,1.56,True,3924.3711;3834.4642;4006.0009;3882.9197;3854.4909,12;12;12;12;12
C2,c2_4_3,GNN-Hybrid-DDQN,12.0,0.0,1.0,3997.93,126.41,-0.5,100.0,241.0,0.0,3.16,True,3935.0628;4193.5233;4085.9820;3834.8211;3940.2535,12;12;12;12;12
C2,c2_4_3,OR-Tools,,,,,,,,0.0,,,False,,
C2,c2_4_4,ALNS-Base,12.0,0.0,1.0,4493.75,179.31,21.37,100.0,13.7,0.0,3.99,False,4624.1667;4280.9292;4692.6528;4596.9246;4274.0966,12;12;12;12;12
C2,c2_4_4,Hybrid-Fixed,12.0,0.0,1.0,3943.73,40.44,6.52,100.0,241.7,0.0,1.03,False,3941.9645;3870.6583;3958.7002;3953.4428;3993.9050,12;12;12;12;12
C2,c2_4_4,Hybrid-Rule,12.0,0.0,1.0,3943.73,40.44,6.52,100.0,243.2,0.0,1.03,False,3941.9645;3870.6583;3958.7002;3953.4428;3993.9050,12;12;12;12;12
C2,c2_4_4,Hybrid-DDQN,12.0,0.0,1.0,3897.86,54.28,5.28,100.0,241.9,0.0,1.39,False,3944.6872;3879.6699;3815.0130;3880.9644;3968.9888,12;12;12;12;12
C2,c2_4_4,GNN-Hybrid-DDQN,12.0,0.0,1.0,3761.21,100.9,1.59,100.0,243.6,0.0,2.68,False,3734.0080;3732.1468;3687.8678;3692.7192;3959.3144,12;12;12;12;12
C2,c2_4_4,OR-Tools,,,,,,,,0.0,,,False,,
C2,c2_4_5,ALNS-Base,13.0,0.0,1.0,4509.4,156.94,14.49,100.0,10.4,0.0,3.48,False,4382.6160;4441.1311;4601.5302;4350.3583;4771.3821,13;13;13;13;13
C2,c2_4_5,Hybrid-Fixed,12.0,0.0,0.0,3963.67,23.25,0.63,100.0,237.2,0.0,0.59,False,3946.2419;3955.3696;3946.7768;4008.8205;3961.1496,12;12;12;12;12
C2,c2_4_5,Hybrid-Rule,12.0,0.0,0.0,3965.32,22.13,0.68,100.0,239.9,0.0,0.56,False,3958.1719;3955.3696;3946.7768;4008.8205;3957.4572,12;12;12;12;12
C2,c2_4_5,Hybrid-DDQN,12.2,0.4,0.2,3968.21,33.98,0.75,100.0,233.4,3.28,0.86,False,3966.2103;3946.2247;3950.3985;4034.3588;3943.8660,12;12;12;13;12
C2,c2_4_5,GNN-Hybrid-DDQN,12.0,0.0,0.0,4048.43,187.72,2.79,100.0,238.0,0.0,4.64,False,3954.4197;3949.5069;4423.7234;3950.2152;3964.2791,12;12;12;12;12
C2,c2_4_5,OR-Tools,,,,,,,,0.0,,,False,,
R1,r1_4_1,ALNS-Base,40.0,0.0,0.0,12291.03,371.02,18.5,100.0,14.2,0.0,3.02,False,11816.4221;12851.0551;11951.6414;12449.3029;12386.7112,40;40;40;40;40
R1,r1_4_1,Hybrid-Fixed,40.0,0.0,0.0,10881.85,82.49,4.91,100.0,156.6,0.0,0.76,False,10754.0072;10832.0854;10990.6829;10893.9650;10938.5193,40;40;40;40;40
R1,r1_4_1,Hybrid-Rule,40.0,0.0,0.0,10871.96,78.87,4.82,100.0,157.5,0.0,0.73,False,10762.0558;10811.9879;10990.6829;10893.9650;10901.1065,40;40;40;40;40
R1,r1_4_1,Hybrid-DDQN,40.0,0.0,0.0,10878.07,54.01,4.88,100.0,156.7,0.0,0.5,False,10918.0410;10795.5967;10842.7138;10886.1675;10947.8543,40;40;40;40;40
R1,r1_4_1,GNN-Hybrid-DDQN,40.0,0.0,0.0,10859.23,47.9,4.69,100.0,182.8,0.0,0.44,False,10913.2889;10820.3185;10845.2853;10917.1051;10800.1394,40;40;40;40;40
R1,r1_4_1,OR-Tools,,,,,,,,0.0,,,False,,
C2,c2_4_6,ALNS-Base,13.0,0.0,1.0,4555.19,197.08,17.52,100.0,10.4,0.0,4.33,False,4308.7468;4696.2856;4336.7413;4635.1644;4799.0031,13;13;13;13;13
C2,c2_4_6,Hybrid-Fixed,12.4,0.49,0.4,3968.47,57.81,2.39,100.0,240.4,3.95,1.46,False,3952.8757;4052.8942;3906.9519;4017.3626;3912.2420,12;13;12;13;12
C2,c2_4_6,Hybrid-Rule,12.4,0.49,0.4,3988.43,84.48,2.9,100.0,240.4,3.95,2.12,False,3952.8757;4050.5399;3906.9519;4121.7526;3910.0149,12;13;12;13;12
C2,c2_4_6,Hybrid-DDQN,12.2,0.4,0.2,3935.74,47.63,1.54,100.0,240.3,3.28,1.21,False,3951.2800;3937.8181;3893.9541;4015.1175;3880.5257,12;12;12;13;12
C2,c2_4_6,GNN-Hybrid-DDQN,12.2,0.4,0.2,3946.29,57.23,1.82,100.0,240.5,3.28,1.45,False,3894.4015;3926.2166;3882.4979;4013.8722;4014.4549,12;12;12;12;13
C2,c2_4_6,OR-Tools,,,,,,,,0.0,,,False,,
C2,c2_4_7,ALNS-Base,13.0,0.0,1.0,4619.61,138.16,18.63,100.0,10.0,0.0,2.99,False,4502.2416;4806.2078;4683.0849;4683.6612;4422.8502,13;13;13;13;13
C2,c2_4_7,Hybrid-Fixed,12.6,0.49,0.6,4029.0,72.24,3.46,100.0,241.2,3.89,1.79,False,3999.1042;3924.7786;4001.6150;4093.1583;4126.3285,12;12;13;13;13
C2,c2_4_7,Hybrid-Rule,12.6,0.49,0.6,4029.0,72.24,3.46,100.0,240.3,3.89,1.79,False,3999.1042;3924.7786;4001.6150;4093.1583;4126.3285,12;12;13;13;13
C2,c2_4_7,Hybrid-DDQN,12.6,0.49,0.6,4101.0,186.88,5.31,100.0,240.7,3.89,4.56,False,4065.7996;3949.2564;3986.6283;4037.3289;4466.0001,13;12;13;13;12
C2,c2_4_7,GNN-Hybrid-DDQN,12.4,0.49,0.4,3990.35,38.01,2.47,100.0,240.5,3.95,0.95,False,3929.4923;4012.1418;3962.4075;4020.9609;4026.7706,12;12;12;13;13
C2,c2_4_7,OR-Tools,,,,,,,,0.0,,,False,,
C2,c2_4_8,ALNS-Base,12.6,0.49,1.6,4520.09,190.26,6.78,100.0,10.3,3.89,4.21,False,4223.5385;4492.2082;4759.9337;4687.2306;4437.5546,12;13;12;13;13
C2,c2_4_8,Hybrid-Fixed,12.0,0.0,1.0,3940.01,95.51,-6.93,100.0,242.2,0.0,2.42,True,3930.0023;3900.3613;3892.5598;3852.6078;4124.5419,12;12;12;12;12
C2,c2_4_8,Hybrid-Rule,12.0,0.0,1.0,3922.94,102.0,-7.33,100.0,241.3,0.0,2.6,True,3852.7891;3900.3613;3865.7838;3871.2093;4124.5419,12;12;12;12;12
C2,c2_4_8,Hybrid-DDQN,12.0,0.0,1.0,4257.22,532.96,0.57,100.0,240.8,0.0,12.52,False,5265.2996;3926.4563;3879.6016;3875.9633;4338.7929,12;12;12;12;12
C2,c2_4_8,GNN-Hybrid-DDQN,12.2,0.4,1.2,4061.81,167.11,-4.05,100.0,241.1,3.28,4.11,True,3960.2755;4289.3284;4034.7684;3822.6948;4201.9877,13;12;12;12;12
C2,c2_4_8,OR-Tools,,,,,,,,0.0,,,False,,
C2,c2_4_9,ALNS-Base,13.0,0.0,1.0,4840.3,116.72,25.24,100.0,10.9,0.0,2.41,False,4649.6336;4929.0476;4954.3703;4907.7046;4760.7586,13;13;13;13;13
C2,c2_4_9,Hybrid-Fixed,12.8,0.4,0.8,3977.89,33.02,2.93,100.0,240.3,3.12,0.83,False,3985.5183;3939.7826;3972.0922;3955.7357;4036.3390,13;13;13;12;13
C2,c2_4_9,Hybrid-Rule,12.8,0.4,0.8,4037.31,147.82,4.47,100.0,240.9,3.12,3.66,False,3964.3333;3939.7826;3923.3911;4322.6889;4036.3390,13;13;13;12;13
C2,c2_4_9,Hybrid-DDQN,13.0,0.0,1.0,3970.85,60.35,2.75,100.0,241.1,0.0,1.52,False,3906.5873;3910.9717;3960.6110;4011.9805;4064.1159,13;13;13;13;13
C2,c2_4_9,GNN-Hybrid-DDQN,13.0,0.0,1.0,4024.22,40.99,4.13,100.0,241.0,0.0,1.02,False,4019.5671;4007.0683;4097.5831;4024.6375;3972.2447,13;13;13;13;13
C2,c2_4_9,OR-Tools,,,,,,,,0.0,,,False,,
R1,r1_4_10,ALNS-Base,36.6,0.49,0.6,9571.44,768.77,18.25,100.0,10.8,1.34,8.03,False,8905.8386;8865.2322;10402.4698;9074.8928;10608.7886,37;37;36;37;36
R1,r1_4_10,Hybrid-Fixed,36.0,0.0,0.0,9263.64,205.74,14.45,100.0,102.3,0.0,2.22,False,9332.1299;9551.1510;9376.1563;8998.7456;9060.0237,36;36;36;36;36
R1,r1_4_10,Hybrid-Rule,36.0,0.0,0.0,9235.7,86.83,14.1,100.0,104.5,0.0,0.94,False,9309.2528;9071.9011;9246.8412;9242.0526;9308.4378,36;36;36;36;36
R1,r1_4_10,Hybrid-DDQN,36.0,0.0,0.0,9367.93,167.74,15.74,100.0,125.8,0.0,1.79,False,9395.9860;9551.1510;9512.2861;9084.6243;9295.6167,36;36;36;36;36
R1,r1_4_10,GNN-Hybrid-DDQN,36.0,0.0,0.0,9676.82,246.05,19.55,100.0,176.9,0.0,2.54,False,9600.1759;9582.2838;9688.0843;9385.9946;10127.5843,36;36;36;36;36
R1,r1_4_10,OR-Tools,,,,,,,,0.0,,,False,,
R1,r1_4_2,ALNS-Base,36.4,0.49,0.4,12287.94,903.03,38.1,100.0,11.8,1.35,7.35,False,12497.4734;13202.4849;13267.2906;11349.5078;11122.9186,36;36;36;37;37
R1,r1_4_2,Hybrid-Fixed,36.0,0.0,0.0,11190.07,549.09,25.76,100.0,132.0,0.0,4.91,False,11492.4447;10576.2055;12102.3732;11004.6793;10774.6660,36;36;36;36;36
R1,r1_4_2,Hybrid-Rule,36.0,0.0,0.0,11280.63,298.76,26.77,100.0,182.7,0.0,2.65,False,11492.4447;10861.3146;10989.0744;11440.5314;11619.7776,36;36;36;36;36
R1,r1_4_2,Hybrid-DDQN,36.0,0.0,0.0,10832.38,382.87,21.74,100.0,151.4,0.0,3.53,False,11136.0931;11134.3720;11040.6903;10721.0043;10129.7226,36;36;36;36;36
R1,r1_4_2,GNN-Hybrid-DDQN,36.0,0.0,0.0,10720.69,458.93,20.48,100.0,129.0,0.0,4.28,False,11128.5960;11109.3908;10609.0939;9883.9557;10872.3900,36;36;36;36;36
R1,r1_4_2,OR-Tools,,,,,,,,0.0,,,False,,
R1,r1_4_3,ALNS-Base,36.0,0.0,0.0,10105.34,274.46,29.42,100.0,29.1,0.0,2.72,False,9915.2121;9976.3454;10357.3607;10498.1211;9779.6636,36;36;36;36;36
R1,r1_4_3,Hybrid-Fixed,36.0,0.0,0.0,9340.13,233.58,19.62,100.0,143.3,0.0,2.5,False,9249.9804;9418.9792;9231.4013;9746.1363;9054.1487,36;36;36;36;36
R1,r1_4_3,Hybrid-Rule,36.0,0.0,0.0,9424.8,154.24,20.7,100.0,132.2,0.0,1.64,False,9249.9804;9616.7470;9259.3259;9580.1027;9417.8342,36;36;36;36;36
R1,r1_4_3,Hybrid-DDQN,36.0,0.0,0.0,8989.74,205.84,15.13,100.0,104.3,0.0,2.29,False,9249.9804;8758.4179;9130.8981;8737.0344;9072.3606,36;36;36;36;36
R1,r1_4_3,GNN-Hybrid-DDQN,36.0,0.0,0.0,8943.19,44.03,14.53,100.0,148.4,0.0,0.49,False,8958.2003;9019.1635;8898.9463;8901.8681;8937.7568,36;36;36;36;36
R1,r1_4_3,OR-Tools,,,,,,,,0.0,,,False,,
R1,r1_4_4,ALNS-Base,36.0,0.0,0.0,8507.02,169.0,16.81,100.0,31.4,0.0,1.99,False,8748.2833;8452.6610;8650.7084;8285.4038;8398.0209,36;36;36;36;36
R1,r1_4_4,Hybrid-Fixed,36.0,0.0,0.0,8198.39,246.03,12.57,100.0,165.7,0.0,3.0,False,7986.0648;8159.7544;8081.9612;8677.9062;8086.2431,36;36;36;36;36
R1,r1_4_4,Hybrid-Rule,36.0,0.0,0.0,8202.89,203.66,12.63,100.0,137.9,0.0,2.48,False,7986.0648;8144.3710;8081.9612;8579.6540;8222.3846,36;36;36;36;36
R1,r1_4_4,Hybrid-DDQN,36.0,0.0,0.0,8079.57,93.78,10.94,100.0,135.1,0.0,1.16,False,7989.5850;8173.7995;8053.0717;7976.5738;8204.7983,36;36;36;36;36
R1,r1_4_4,GNN-Hybrid-DDQN,36.0,0.0,0.0,8068.27,84.81,10.79,100.0,157.5,0.0,1.05,False,8115.7003;8057.9424;8048.1378;7931.2119;8188.3446,36;36;36;36;36
R1,r1_4_4,OR-Tools,,,,,,,,0.0,,,False,,
R1,r1_4_6,ALNS-Base,36.4,0.49,0.4,11195.96,972.52,33.94,100.0,19.0,1.35,8.69,False,12772.3914;10597.4111;10275.5674;10447.2104;11887.2136,36;36;37;37;36
R1,r1_4_6,Hybrid-Fixed,36.0,0.0,0.0,9997.08,400.36,19.6,100.0,98.4,0.0,4.0,False,10024.8080;9295.6999;10428.2355;10334.4614;9902.2172,36;36;36;36;36
R1,r1_4_6,Hybrid-Rule,36.0,0.0,0.0,9908.16,328.83,18.54,100.0,96.9,0.0,3.32,False,10429.1747;9485.0861;9878.8903;10082.3624;9665.2696,36;36;36;36;36
R1,r1_4_6,Hybrid-DDQN,36.0,0.0,0.0,9960.08,294.96,19.16,100.0,89.7,0.0,2.96,False,9860.7078;9526.8928;10428.2355;10082.3624;9902.2172,36;36;36;36;36
R1,r1_4_6,GNN-Hybrid-DDQN,36.0,0.0,0.0,10084.54,299.22,20.65,100.0,135.9,0.0,2.97,False,10391.7177;9942.6840;10490.1976;9852.0736;9746.0187,36;36;36;36;36
R1,r1_4_6,OR-Tools,,,,,,,,0.0,,,False,,
R1,r1_4_7,ALNS-Base,36.0,0.0,0.0,9687.82,449.76,27.2,100.0,23.2,0.0,4.64,False,9087.9703;10291.4642;9345.7542;10094.6260;9619.2643,36;36;36;36;36
R1,r1_4_7,Hybrid-Fixed,36.0,0.0,0.0,8856.36,208.13,16.28,100.0,85.6,0.0,2.35,False,9079.7801;8825.9981;8533.4052;9084.1306;8758.4946,36;36;36;36;36
R1,r1_4_7,Hybrid-Rule,36.0,0.0,0.0,8734.73,218.75,14.69,100.0,90.3,0.0,2.5,False,9069.0282;8521.8242;8533.4052;8913.3382;8636.0582,36;36;36;36;36
R1,r1_4_7,Hybrid-DDQN,36.0,0.0,0.0,8749.69,192.95,14.88,100.0,96.8,0.0,2.21,False,9079.7801;8610.0851;8533.4052;8689.8496;8835.3527,36;36;36;36;36
R1,r1_4_7,GNN-Hybrid-DDQN,36.0,0.0,0.0,8648.16,85.36,13.55,100.0,133.9,0.0,0.99,False,8778.5975;8718.3918;8554.7449;8592.2582;8596.8172,36;36;36;36;36
R1,r1_4_7,OR-Tools,,,,,,,,0.0,,,False,,
R1,r1_4_5,ALNS-Base,37.0,0.0,1.0,10090.89,192.08,9.41,100.0,31.5,0.0,1.9,False,9806.3086;9979.6084;10328.4480;10275.2512;10064.8174,37;37;37;37;37
R1,r1_4_5,Hybrid-Fixed,36.0,0.0,0.0,10961.5,606.62,18.85,100.0,199.7,0.0,5.53,False,10860.6317;9964.9129;10798.0775;11678.4246;11505.4764,36;36;36;36;36
R1,r1_4_5,Hybrid-Rule,36.0,0.0,0.0,11497.16,617.45,24.66,100.0,162.0,0.0,5.37,False,10457.5019;12230.9913;11910.2943;11678.4246;11208.5687,36;36;36;36;36
R1,r1_4_5,Hybrid-DDQN,36.0,0.0,0.0,11147.79,627.58,20.87,100.0,152.9,0.0,5.63,False,11951.3857;10053.0326;11291.4855;11005.3118;11437.7152,36;36;36;36;36
R1,r1_4_5,GNN-Hybrid-DDQN,36.0,0.0,0.0,10958.48,622.5,18.82,100.0,149.1,0.0,5.68,False,10727.4996;10189.4965;12090.5211;10856.3642;10928.5228,36;36;36;36;36
R1,r1_4_5,OR-Tools,,,,,,,,0.0,,,False,,
R1,r1_4_8,ALNS-Base,36.0,0.0,0.0,8414.45,234.75,15.94,100.0,24.1,0.0,2.79,False,8458.9061;8848.4519;8231.0254;8330.2789;8203.5662,36;36;36;36;36
R1,r1_4_8,Hybrid-Fixed,36.0,0.0,0.0,8075.24,99.28,11.27,100.0,129.1,0.0,1.23,False,8190.8491;8123.7383;8049.2794;7898.1176;8114.2371,36;36;36;36;36
R1,r1_4_8,Hybrid-Rule,36.0,0.0,0.0,8060.83,121.85,11.07,100.0,128.7,0.0,1.51,False,8190.8491;7834.2223;8049.2794;8115.5394;8114.2371,36;36;36;36;36
R1,r1_4_8,Hybrid-DDQN,36.0,0.0,0.0,7944.65,109.59,9.47,100.0,128.4,0.0,1.38,False,7901.2261;8109.4262;7785.5414;7913.6119;8013.4574,36;36;36;36;36
R1,r1_4_8,GNN-Hybrid-DDQN,36.0,0.0,0.0,8110.02,153.02,11.75,100.0,158.5,0.0,1.89,False,8156.5450;7943.5385;8328.5094;8192.2915;7929.2214,36;36;36;36;36
R1,r1_4_8,OR-Tools,,,,,,,,0.0,,,False,,
R1,r1_4_9,ALNS-Base,36.8,0.4,0.8,9838.29,487.63,13.15,100.0,12.1,1.09,4.96,False,9556.2126;10782.8775;9672.4980;9407.9431;9771.9212,37;36;37;37;37
R1,r1_4_9,Hybrid-Fixed,36.0,0.0,0.0,9752.45,346.9,12.16,100.0,133.3,0.0,3.56,False,9562.3615;10374.7454;9437.0762;9883.8378;9504.2457,36;36;36;36;36
R1,r1_4_9,Hybrid-Rule,36.0,0.0,0.0,10130.5,604.7,16.51,100.0,119.2,0.0,5.97,False,11240.5076;9644.4759;10210.9916;9548.7295;10007.7791,36;36;36;36;36
R1,r1_4_9,Hybrid-DDQN,36.0,0.0,0.0,10795.5,536.74,24.16,100.0,117.7,0.0,4.97,False,11240.5076;9862.9140;10550.7741;11012.1942;11311.1095,36;36;36;36;36
R1,r1_4_9,GNN-Hybrid-DDQN,36.0,0.0,0.0,10553.9,695.74,21.38,100.0,177.5,0.0,6.59,False,11343.7557;10997.5965;10286.3212;9342.4166;10799.3856,36;36;36;36;36
R1,r1_4_9,OR-Tools,,,,,,,,0.0,,,False,,
R2,r2_4_1,ALNS-Base,9.0,0.0,1.0,9901.32,108.44,7.5,100.0,11.6,0.0,1.1,False,10099.3883;9808.9045;9797.4549;9911.3749;9889.4750,9;9;9;9;9
R2,r2_4_1,Hybrid-Fixed,9.0,0.0,1.0,9241.65,90.83,0.34,100.0,241.1,0.0,0.98,False,9322.3664;9100.0464;9313.8665;9167.4215;9304.5705,9;9;9;9;9
R2,r2_4_1,Hybrid-Rule,9.0,0.0,1.0,9232.25,85.12,0.24,100.0,240.8,0.0,0.92,False,9322.3664;9100.0464;9266.8386;9167.4215;9304.5705,9;9;9;9;9
R2,r2_4_1,Hybrid-DDQN,8.8,0.4,0.8,9249.71,185.41,0.43,100.0,240.9,4.55,2.0,False,9206.8851;9087.6093;9594.3430;9267.1762;9092.5468,9;9;8;9;9
R2,r2_4_1,GNN-Hybrid-DDQN,9.0,0.0,1.0,9264.98,80.09,0.6,100.0,240.9,0.0,0.86,False,9296.2116;9129.9329;9370.7675;9235.1471;9292.8162,9;9;9;9;9
R2,r2_4_1,OR-Tools,,,,,,,,0.0,,,False,,
R2,r2_4_10,ALNS-Base,8.0,0.0,0.0,6654.48,104.78,15.27,100.0,12.9,0.0,1.57,False,6787.4470;6471.1952;6662.6017;6712.0593;6639.0777,8;8;8;8;8
R2,r2_4_10,Hybrid-Fixed,8.0,0.0,0.0,6208.74,61.44,7.54,100.0,240.7,0.0,0.99,False,6180.5181;6152.1273;6229.1843;6162.2456;6319.6211,8;8;8;8;8
R2,r2_4_10,Hybrid-Rule,8.0,0.0,0.0,6191.03,33.2,7.24,100.0,240.8,0.0,0.54,False,6180.5181;6152.1273;6229.1843;6162.2456;6231.0620,8;8;8;8;8
R2,r2_4_10,Hybrid-DDQN,8.0,0.0,0.0,6227.74,77.09,7.87,100.0,240.7,0.0,1.24,False,6173.1906;6269.9143;6116.7188;6239.3654;6339.5297,8;8;8;8;8
R2,r2_4_10,GNN-Hybrid-DDQN,8.0,0.0,0.0,6159.37,43.67,6.69,100.0,243.6,0.0,0.71,False,6097.7194;6126.2221;6164.8852;6221.6022;6186.4235,8;8;8;8;8
R2,r2_4_10,OR-Tools,,,,,,,,0.0,,,False,,
R2,r2_4_2,ALNS-Base,8.0,0.0,0.0,8819.13,110.58,15.94,100.0,13.0,0.0,1.25,False,8801.5608;8921.5707;8957.3070;8651.1658;8764.0281,8;8;8;8;8
R2,r2_4_2,Hybrid-Fixed,8.0,0.0,0.0,8031.22,78.62,5.58,100.0,240.1,0.0,0.98,False,8174.8580;7964.4645;8056.1632;7982.5996;7978.0129,8;8;8;8;8
R2,r2_4_2,Hybrid-Rule,8.0,0.0,0.0,8031.22,78.62,5.58,100.0,239.5,0.0,0.98,False,8174.8580;7964.4645;8056.1632;7982.5996;7978.0129,8;8;8;8;8
R2,r2_4_2,Hybrid-DDQN,8.0,0.0,0.0,8002.21,93.95,5.2,100.0,241.0,0.0,1.17,False,8160.1958;8059.8075;7945.4660;7919.5996;7925.9575,8;8;8;8;8
R2,r2_4_2,GNN-Hybrid-DDQN,8.0,0.0,0.0,8031.37,75.8,5.58,100.0,224.2,0.0,0.94,False,7920.5604;8154.7952;8024.8825;8004.3026;8052.3213,8;8;8;8;8
R2,r2_4_2,OR-Tools,,,,,,,,0.0,,,False,,
R2,r2_4_3,ALNS-Base,8.0,0.0,0.0,7045.93,162.23,19.2,100.0,15.9,0.0,2.3,False,6755.3241;7073.6980;7184.8385;7009.4111;7206.3803,8;8;8;8;8
R2,r2_4_3,Hybrid-Fixed,8.0,0.0,0.0,6321.45,107.65,6.94,100.0,245.2,0.0,1.7,False,6451.2084;6208.2657;6445.2854;6211.8874;6290.5871,8;8;8;8;8
R2,r2_4_3,Hybrid-Rule,8.0,0.0,0.0,6365.9,97.11,7.69,100.0,242.9,0.0,1.53,False,6451.2084;6430.5223;6445.2854;6211.8874;6290.5871,8;8;8;8;8
R2,r2_4_3,Hybrid-DDQN,8.0,0.0,0.0,6345.3,101.67,7.35,100.0,243.1,0.0,1.6,False,6309.9791;6313.3930;6390.2106;6510.0002;6202.8954,8;8;8;8;8
R2,r2_4_3,GNN-Hybrid-DDQN,8.0,0.0,0.0,6353.0,29.71,7.48,100.0,241.7,0.0,0.47,False,6342.2302;6400.1748;6328.1971;6373.5494;6320.8321,8;8;8;8;8
R2,r2_4_3,OR-Tools,,,,,,,,0.0,,,False,,
R2,r2_4_4,ALNS-Base,8.0,0.0,0.0,4925.08,111.32,16.12,100.0,26.6,0.0,2.26,False,4845.3271;4813.7336;4967.4295;5122.6258;4876.2986,8;8;8;8;8
R2,r2_4_4,Hybrid-Fixed,8.0,0.0,0.0,4600.13,65.5,8.46,100.0,241.9,0.0,1.42,False,4568.6244;4689.8935;4636.0975;4610.7548;4495.2741,8;8;8;8;8
R2,r2_4_4,Hybrid-Rule,8.0,0.0,0.0,4595.28,59.28,8.34,100.0,241.8,0.0,1.29,False,4568.6244;4665.6622;4636.0975;4610.7548;4495.2741,8;8;8;8;8
R2,r2_4_4,Hybrid-DDQN,8.0,0.0,0.0,4663.94,26.36,9.96,100.0,241.7,0.0,0.57,False,4684.7919;4632.4952;4697.1744;4634.0368;4671.2002,8;8;8;8;8
R2,r2_4_4,GNN-Hybrid-DDQN,8.0,0.0,0.0,4646.47,119.39,9.55,100.0,244.7,0.0,2.57,False,4826.1641;4546.0976;4651.5177;4716.7809;4491.7668,8;8;8;8;8
R2,r2_4_4,OR-Tools,,,,,,,,0.0,,,False,,
R2,r2_4_5,ALNS-Base,8.0,0.0,0.0,8215.52,149.87,15.26,100.0,11.5,0.0,1.82,False,8419.0167;8290.9687;8229.1477;8174.6688;7963.8201,8;8;8;8;8
R2,r2_4_5,Hybrid-Fixed,8.0,0.0,0.0,7535.84,103.41,5.72,100.0,241.5,0.0,1.37,False,7450.8322;7700.0728;7614.5359;7439.5364;7474.2053,8;8;8;8;8
R2,r2_4_5,Hybrid-Rule,8.0,0.0,0.0,7533.3,101.58,5.69,100.0,240.7,0.0,1.35,False,7450.8322;7700.0728;7601.8535;7439.5364;7474.2053,8;8;8;8;8
R2,r2_4_5,Hybrid-DDQN,8.0,0.0,0.0,7633.95,53.86,7.1,100.0,240.6,0.0,0.71,False,7688.6202;7638.8007;7692.7520;7552.0718;7597.4980,8;8;8;8;8
R2,r2_4_5,GNN-Hybrid-DDQN,8.0,0.0,0.0,7556.53,110.18,6.01,100.0,241.0,0.0,1.46,False,7444.1780;7619.7767;7742.5907;7481.5447;7494.5818,8;8;8;8;8
R2,r2_4_5,OR-Tools,,,,,,,,0.0,,,False,,
R2,r2_4_6,ALNS-Base,8.0,0.0,0.0,7165.69,100.31,17.04,100.0,13.4,0.0,1.4,False,7078.7556;7086.0820;7149.7502;7355.6908;7158.1695,8;8;8;8;8
R2,r2_4_6,Hybrid-Fixed,8.0,0.0,0.0,6541.93,80.7,6.85,100.0,241.3,0.0,1.23,False,6439.9821;6456.3408;6561.4879;6639.1248;6612.7281,8;8;8;8;8
R2,r2_4_6,Hybrid-Rule,8.0,0.0,0.0,6541.93,80.7,6.85,100.0,241.5,0.0,1.23,False,6439.9821;6456.3408;6561.4879;6639.1248;6612.7281,8;8;8;8;8
R2,r2_4_6,Hybrid-DDQN,8.0,0.0,0.0,6615.11,49.0,8.04,100.0,242.5,0.0,0.74,False,6639.5537;6645.0474;6592.5254;6668.1138;6530.3001,8;8;8;8;8
R2,r2_4_6,GNN-Hybrid-DDQN,8.0,0.0,0.0,6572.29,29.24,7.34,100.0,242.6,0.0,0.44,False,6587.5839;6598.7778;6577.0848;6515.6008;6582.3952,8;8;8;8;8
R2,r2_4_6,OR-Tools,,,,,,,,0.0,,,False,,
RC1,rc1_4_1,ALNS-Base,38.6,0.49,2.6,9314.96,123.56,8.68,100.0,16.3,1.27,1.33,False,9253.2834;9103.4466;9405.9036;9367.9335;9444.2304,38;38;39;39;39
RC1,rc1_4_1,Hybrid-Fixed,37.0,0.0,1.0,9230.04,170.76,7.69,100.0,135.9,0.0,1.85,False,9184.7829;9514.1544;9262.2343;8982.1427;9206.8751,37;37;37;37;37
RC1,rc1_4_1,Hybrid-Rule,37.0,0.0,1.0,9089.9,94.51,6.05,100.0,131.6,0.0,1.04,False,9112.2569;9094.9372;9239.9492;8946.9721;9055.4021,37;37;37;37;37
RC1,rc1_4_1,Hybrid-DDQN,37.2,0.4,1.2,8985.26,140.66,4.83,100.0,141.0,1.08,1.57,False,8945.8488;9136.0169;9163.8757;8858.9426;8821.6173,38;37;37;37;37
RC1,rc1_4_1,GNN-Hybrid-DDQN,37.2,0.4,1.2,9018.03,138.32,5.21,100.0,131.4,1.08,1.53,False,8900.3246;9055.1670;9074.2290;8834.0342;9226.3881,37;38;37;37;37
RC1,rc1_4_1,OR-Tools,,,,,,,,0.0,,,False,,
RC1,rc1_4_10,ALNS-Base,37.0,0.0,1.0,8570.94,147.52,12.83,100.0,17.0,0.0,1.72,False,8520.2000;8669.1936;8762.8082;8575.9937;8326.5023,37;37;37;37;37
RC1,rc1_4_10,Hybrid-Fixed,36.0,0.0,0.0,8558.39,251.55,12.67,100.0,145.6,0.0,2.94,False,8729.2354;8944.2169;8464.3213;8221.0733;8433.1192,36;36;36;36;36
RC1,rc1_4_10,Hybrid-Rule,36.0,0.0,0.0,8673.03,196.22,14.18,100.0,146.7,0.0,2.26,False,8729.2354;8944.2169;8464.3213;8794.2472;8433.1192,36;36;36;36;36
RC1,rc1_4_10,Hybrid-DDQN,36.0,0.0,0.0,8708.8,301.36,14.65,100.0,147.1,0.0,3.46,False,8729.2354;8371.8280;9215.5673;8794.2472;8433.1192,36;36;36;36;36
RC1,rc1_4_10,GNN-Hybrid-DDQN,36.0,0.0,0.0,8857.69,166.98,16.61,100.0,168.7,0.0,1.89,False,9083.0679;8935.3924;8859.9413;8570.9458;8839.1102,36;36;36;36;36
RC1,rc1_4_10,OR-Tools,,,,,,,,0.0,,,False,,
RC1,rc1_4_2,ALNS-Base,37.0,0.0,1.0,9209.35,157.82,16.68,100.0,20.4,0.0,1.71,False,9373.1234;9033.4300;9158.8934;9064.2217;9417.0958,37;37;37;37;37
RC1,rc1_4_2,Hybrid-Fixed,36.0,0.0,0.0,9511.08,149.02,20.51,100.0,152.7,0.0,1.57,False,9582.8144;9533.9434;9694.6009;9500.5204;9243.5334,36;36;36;36;36
RC1,rc1_4_2,Hybrid-Rule,36.0,0.0,0.0,9282.33,234.97,17.61,100.0,150.9,0.0,2.53,False,9156.6123;9507.8973;9440.9403;9427.6836;8878.5071,36;36;36;36;36
RC1,rc1_4_2,Hybrid-DDQN,36.0,0.0,0.0,9458.24,279.71,19.84,100.0,154.4,0.0,2.96,False,9597.8899;8979.1013;9323.3019;9770.8183;9620.1117,36;36;36;36;36
RC1,rc1_4_2,GNN-Hybrid-DDQN,36.0,0.0,0.0,9230.94,364.9,16.96,100.0,156.5,0.0,3.95,False,8882.2302;9790.5977;9540.1736;8972.1889;8969.4919,36;36;36;36;36
RC1,rc1_4_2,OR-Tools,,,,,,,,0.0,,,False,,
RC1,rc1_4_3,ALNS-Base,36.6,0.49,0.6,9322.11,570.14,23.75,100.0,9.5,1.34,6.12,False,8892.1422;10206.3379;9778.9468;8998.5183;8734.6077,37;36;36;37;37
RC1,rc1_4_3,Hybrid-Fixed,36.0,0.0,0.0,9267.5,326.11,23.02,100.0,114.1,0.0,3.52,False,9364.4136;9623.7081;9518.6204;9120.8468;8709.9337,36;36;36;36;36
RC1,rc1_4_3,Hybrid-Rule,36.0,0.0,0.0,9132.61,288.15,21.23,100.0,112.1,0.0,3.16,False,9364.4136;8949.2297;9518.6204;9120.8468;8709.9337,36;36;36;36;36
RC1,rc1_4_3,Hybrid-DDQN,36.0,0.0,0.0,9055.87,266.59,20.22,100.0,116.4,0.0,2.94,False,9492.6355;8949.2297;8675.4405;9141.1484;9020.9080,36;36;36;36;36
RC1,rc1_4_3,GNN-Hybrid-DDQN,36.0,0.0,0.0,9110.61,450.3,20.94,100.0,138.0,0.0,4.94,False,9009.3335;8533.3528;9498.5518;8767.2060;9744.5910,36;36;36;36;36
RC1,rc1_4_3,OR-Tools,,,,,,,,0.0,,,False,,
R2,r2_4_7,ALNS-Base,8.0,0.0,0.0,5810.13,121.83,15.77,100.0,18.3,0.0,2.1,False,5840.3646;5705.1705;5918.0242;5635.2888;5951.8034,8;8;8;8;8
R2,r2_4_7,Hybrid-Fixed,8.0,0.0,0.0,5408.7,117.36,7.77,100.0,240.9,0.0,2.17,False,5273.0704;5456.5184;5381.0777;5609.1781;5323.6475,8;8;8;8;8
R2,r2_4_7,Hybrid-Rule,8.0,0.0,0.0,5408.7,117.36,7.77,100.0,241.0,0.0,2.17,False,5273.0704;5456.5184;5381.0777;5609.1781;5323.6475,8;8;8;8;8
R2,r2_4_7,Hybrid-DDQN,8.0,0.0,0.0,5476.7,110.54,9.13,100.0,242.4,0.0,2.02,False,5566.8788;5459.7981;5633.6460;5333.7790;5389.4008,8;8;8;8;8
R2,r2_4_7,GNN-Hybrid-DDQN,8.0,0.0,0.0,5366.29,74.0,6.93,100.0,243.6,0.0,1.38,False,5297.5528;5396.6381;5488.2015;5365.6274;5283.4186,8;8;8;8;8
R2,r2_4_7,OR-Tools,,,,,,,,0.0,,,False,,
R2,r2_4_9,ALNS-Base,8.0,0.0,0.0,7426.03,249.78,16.03,100.0,11.1,0.0,3.36,False,7211.5269;7203.7315;7890.6294;7400.1856;7424.0878,8;8;8;8;8
R2,r2_4_9,Hybrid-Fixed,8.0,0.0,0.0,6768.74,43.99,5.76,100.0,241.3,0.0,0.65,False,6793.8853;6763.2060;6835.7591;6744.9996;6705.8287,8;8;8;8;8
R2,r2_4_9,Hybrid-Rule,8.0,0.0,0.0,6768.74,43.99,5.76,100.0,240.8,0.0,0.65,False,6793.8853;6763.2060;6835.7591;6744.9996;6705.8287,8;8;8;8;8
R2,r2_4_9,Hybrid-DDQN,8.0,0.0,0.0,6770.93,45.42,5.79,100.0,240.9,0.0,0.67,False,6757.4138;6851.4475;6782.9069;6717.5452;6745.3400,8;8;8;8;8
R2,r2_4_9,GNN-Hybrid-DDQN,8.0,0.0,0.0,6727.26,25.94,5.11,100.0,242.5,0.0,0.39,False,6743.1383;6737.2541;6691.0604;6703.7240;6761.1389,8;8;8;8;8
R2,r2_4_9,OR-Tools,,,,,,,,0.0,,,False,,
R2,r2_4_8,ALNS-Base,8.0,0.0,0.0,4748.67,149.76,18.26,100.0,29.5,0.0,3.15,False,4538.5475;4791.0478;4841.1552;4620.7551;4951.8507,8;8;8;8;8
R2,r2_4_8,Hybrid-Fixed,8.0,0.0,0.0,4340.23,74.83,8.08,100.0,241.7,0.0,1.72,False,4455.0540;4382.7018;4241.5298;4283.0934;4338.7839,8;8;8;8;8
R2,r2_4_8,Hybrid-Rule,8.0,0.0,0.0,4322.3,82.1,7.64,100.0,242.0,0.0,1.9,False,4474.0729;4274.0198;4241.5298;4283.0934;4338.7839,8;8;8;8;8
R2,r2_4_8,Hybrid-DDQN,8.0,0.0,0.0,4282.91,70.82,6.66,100.0,242.3,0.0,1.65,False,4310.7397;4191.9747;4247.5213;4261.7160;4402.6143,8;8;8;8;8
R2,r2_4_8,GNN-Hybrid-DDQN,8.0,0.0,0.0,4273.25,61.63,6.42,100.0,242.8,0.0,1.44,False,4195.0519;4330.3483;4281.2623;4210.9787;4348.5966,8;8;8;8;8
R2,r2_4_8,OR-Tools,,,,,,,,0.0,,,False,,
RC1,rc1_4_4,ALNS-Base,36.2,0.4,0.2,9762.68,800.19,33.58,100.0,10.5,1.1,8.2,False,8278.4208;10022.7943;10107.7244;9741.0155;10663.4241,37;36;36;36;36
RC1,rc1_4_4,Hybrid-Fixed,36.0,0.0,0.0,8271.99,208.99,13.18,100.0,109.5,0.0,2.53,False,8464.2189;8547.9646;8070.2190;8018.2005;8259.3556,36;36;36;36;36
RC1,rc1_4_4,Hybrid-Rule,36.0,0.0,0.0,8320.61,157.93,13.85,100.0,113.1,0.0,1.9,False,8474.1995;8547.9646;8187.0076;8174.6938;8219.1603,36;36;36;36;36
RC1,rc1_4_4,Hybrid-DDQN,36.0,0.0,0.0,8302.61,170.82,13.6,100.0,114.4,0.0,2.06,False,8464.2189;8547.9646;8152.5605;8129.1270;8219.1603,36;36;36;36;36
RC1,rc1_4_4,GNN-Hybrid-DDQN,36.0,0.0,0.0,8184.9,141.44,11.99,100.0,99.1,0.0,1.73,False,8098.6827;8406.6564;8078.5599;8044.4250;8296.1567,36;36;36;36;36
RC1,rc1_4_4,OR-Tools,,,,,,,,0.0,,,False,,
RC1,rc1_4_5,ALNS-Base,37.8,0.4,1.8,9477.04,312.37,15.96,100.0,19.8,1.06,3.3,False,9908.5360;9426.9346;9755.5182;9191.3699;9102.8402,38;38;37;38;38
RC1,rc1_4_5,Hybrid-Fixed,36.0,0.0,0.0,10076.09,353.71,23.29,100.0,91.4,0.0,3.51,False,10107.9777;9598.3949;10097.4044;10679.3559;9897.3370,36;36;36;36;36
RC1,rc1_4_5,Hybrid-Rule,36.2,0.4,0.2,9584.71,510.77,17.28,100.0,112.5,1.1,5.33,False,8654.9713;9518.1688;9736.1828;10174.1378;9840.1021,37;36;36;36;36
RC1,rc1_4_5,Hybrid-DDQN,36.2,0.4,0.2,9455.41,440.08,15.7,100.0,111.2,1.1,4.65,False,9708.2202;9440.9855;9845.9072;8614.6610;9667.2561,36;36;36;37;36
RC1,rc1_4_5,GNN-Hybrid-DDQN,36.4,0.49,0.4,9625.1,587.36,17.77,100.0,170.9,1.35,6.1,False,10173.0817;8836.9560;9940.3367;10179.7238;8995.3773,36;37;36;36;37
RC1,rc1_4_5,OR-Tools,,,,,,,,0.0,,,False,,
RC1,rc1_4_6,ALNS-Base,37.6,0.49,1.6,9302.05,162.67,13.93,100.0,20.5,1.3,1.75,False,9159.0430;9123.3620;9342.3754;9303.6009;9581.8709,38;38;38;37;37
RC1,rc1_4_6,Hybrid-Fixed,36.2,0.4,0.2,9871.94,506.85,20.91,100.0,112.6,1.1,5.13,False,10458.3177;10073.1104;8929.6159;9938.2652;9960.4117,36;36;37;36;36
RC1,rc1_4_6,Hybrid-Rule,36.2,0.4,0.2,9844.15,456.92,20.57,100.0,130.0,1.1,4.64,False,9813.4014;8995.4146;10008.5959;10060.4618;10342.8836,36;37;36;36;36
RC1,rc1_4_6,Hybrid-DDQN,36.4,0.49,0.4,9326.67,370.99,14.23,100.0,124.0,1.35,3.98,False,9645.0634;8986.2092;9326.0958;9823.0843;8852.9064,36;37;36;36;37
RC1,rc1_4_6,GNN-Hybrid-DDQN,36.2,0.4,0.2,9712.81,590.36,18.96,100.0,142.7,1.1,6.08,False,8601.1769;9938.8084;9667.2968;10077.7676;10279.0097,37;36;36;36;36
RC1,rc1_4_6,OR-Tools,,,,,,,,0.0,,,False,,
RC1,rc1_4_8,ALNS-Base,37.0,0.0,1.0,8999.58,335.93,15.79,100.0,22.1,0.0,3.73,False,9611.3147;8602.4327;8923.3548;8838.4051;9022.4051,37;37;37;37;37
RC1,rc1_4_8,Hybrid-Fixed,36.0,0.0,0.0,9238.51,359.33,18.86,100.0,134.4,0.0,3.89,False,9421.2844;9556.3690;9336.6489;9340.5452;8537.7147,36;36;36;36;36
RC1,rc1_4_8,Hybrid-Rule,36.0,0.0,0.0,9389.54,93.16,20.8,100.0,138.1,0.0,0.99,False,9421.2844;9556.3690;9336.6489;9340.5452;9292.8317,36;36;36;36;36
RC1,rc1_4_8,Hybrid-DDQN,36.0,0.0,0.0,9009.48,405.88,15.91,100.0,134.2,0.0,4.5,False,9392.3022;9285.6806;8491.1432;9340.5452;8537.7147,36;36;36;36;36
RC1,rc1_4_8,GNN-Hybrid-DDQN,36.0,0.0,0.0,9367.29,366.27,20.52,100.0,99.9,0.0,3.91,False,9456.6738;9619.1970;9687.4928;9409.3682;8663.7067,36;36;36;36;36
RC1,rc1_4_8,OR-Tools,,,,,,,,0.0,,,False,,
RC1,rc1_4_7,ALNS-Base,37.0,0.0,1.0,9467.34,313.29,19.11,100.0,22.1,0.0,3.31,False,9753.5306;9528.4294;9117.4546;9844.6030;9092.6925,37;37;37;37;37
RC1,rc1_4_7,Hybrid-Fixed,36.0,0.0,0.0,9490.92,103.23,19.41,100.0,123.5,0.0,1.09,False,9483.5177;9331.6144;9647.5528;9455.5534;9536.3775,36;36;36;36;36
RC1,rc1_4_7,Hybrid-Rule,36.0,0.0,0.0,9668.11,357.72,21.63,100.0,136.8,0.0,3.7,False,9483.5177;9641.1949;9323.7414;10353.4298;9538.6780,36;36;36;36;36
RC1,rc1_4_7,Hybrid-DDQN,36.0,0.0,0.0,9591.49,69.86,20.67,100.0,125.6,0.0,0.73,False,9483.5177;9641.1949;9668.2754;9628.0879;9536.3775,36;36;36;36;36
RC1,rc1_4_7,GNN-Hybrid-DDQN,36.0,0.0,0.0,9589.26,159.09,20.64,100.0,172.0,0.0,1.66,False,9557.5432;9607.7070;9643.8929;9814.9199;9322.2457,36;36;36;36;36
RC1,rc1_4_7,OR-Tools,,,,,,,,0.0,,,False,,
RC1,rc1_4_9,ALNS-Base,37.0,0.0,1.0,8772.53,151.9,13.44,100.0,22.5,0.0,1.73,False,8727.5788;8544.8921;9012.8222;8748.3134;8829.0521,37;37;37;37;37
RC1,rc1_4_9,Hybrid-Fixed,36.0,0.0,0.0,9027.55,143.53,16.74,100.0,147.9,0.0,1.59,False,8850.9535;9202.6092;8968.7359;8923.7593;9191.6902,36;36;36;36;36
RC1,rc1_4_9,Hybrid-Rule,36.0,0.0,0.0,9183.2,147.13,18.75,100.0,147.1,0.0,1.6,False,9425.4605;9202.6092;8968.7359;9127.4996;9191.6902,36;36;36;36;36
RC1,rc1_4_9,Hybrid-DDQN,36.0,0.0,0.0,9179.22,148.84,18.7,100.0,148.8,0.0,1.62,False,9425.4605;9202.6092;8968.7359;9107.6135;9191.6902,36;36;36;36;36
RC1,rc1_4_9,GNN-Hybrid-DDQN,36.0,0.0,0.0,8901.31,177.55,15.1,100.0,173.0,0.0,1.99,False,8960.1136;9108.5809;9034.6618;8618.9682;8784.2255,36;36;36;36;36
RC1,rc1_4_9,OR-Tools,,,,,,,,0.0,,,False,,
RC2,rc2_4_1,ALNS-Base,12.8,0.4,1.8,7160.74,138.92,7.16,100.0,11.2,3.12,1.94,False,7236.5695;7059.9258;7400.3605;7061.2622;7045.5717,12;13;13;13;13
RC2,rc2_4_1,Hybrid-Fixed,13.0,0.0,2.0,6619.78,81.55,-0.94,100.0,240.6,0.0,1.23,True,6638.9998;6588.8962;6516.5380;6762.8747;6591.5932,13;13;13;13;13
RC2,rc2_4_1,Hybrid-Rule,13.0,0.0,2.0,6640.37,48.71,-0.63,100.0,240.5,0.0,0.73,True,6721.9239;6588.8962;6651.7212;6647.6985;6591.5932,13;13;13;13;13
RC2,rc2_4_1,Hybrid-DDQN,12.8,0.4,1.8,8368.6,3585.08,25.23,100.0,240.5,3.12,42.84,False,6665.7010;6542.7221;6558.1924;6538.2193;15538.1536,13;13;13;13;12
RC2,rc2_4_1,GNN-Hybrid-DDQN,12.6,0.49,1.6,6747.51,187.85,0.97,100.0,240.6,3.89,2.78,False,6608.9050;6595.6808;6608.7402;7068.9141;6855.3097,13;13;13;12;12
RC2,rc2_4_1,OR-Tools,,,,,,,,0.0,,,False,,
RC2,rc2_4_10,ALNS-Base,8.0,0.0,0.0,5225.6,98.18,22.13,100.0,17.1,0.0,1.88,False,5092.7094;5276.2702;5253.7532;5366.0344;5139.2339,8;8;8;8;8
RC2,rc2_4_10,Hybrid-Fixed,8.0,0.0,0.0,4626.58,53.06,8.13,100.0,240.7,0.0,1.15,False,4704.1117;4540.1812;4644.6415;4611.2403;4632.7239,8;8;8;8;8
RC2,rc2_4_10,Hybrid-Rule,8.0,0.0,0.0,4626.58,53.06,8.13,100.0,240.6,0.0,1.15,False,4704.1117;4540.1812;4644.6415;4611.2403;4632.7239,8;8;8;8;8
RC2,rc2_4_10,Hybrid-DDQN,8.0,0.0,0.0,4680.7,123.85,9.4,100.0,240.6,0.0,2.65,False,4438.0269;4785.0670;4715.3936;4719.6248;4745.4053,8;8;8;8;8
RC2,rc2_4_10,GNN-Hybrid-DDQN,8.0,0.0,0.0,4589.04,52.95,7.26,100.0,244.2,0.0,1.15,False,4506.3618;4667.3352;4604.3412;4603.0287;4564.1260,8;8;8;8;8
RC2,rc2_4_10,OR-Tools,,,,,,,,0.0,,,False,,
RC2,rc2_4_2,ALNS-Base,12.0,0.0,3.0,6339.05,133.56,2.56,100.0,12.9,0.0,2.11,False,6555.6248;6140.4127;6354.4312;6354.3012;6290.4552,12;12;12;12;12
RC2,rc2_4_2,Hybrid-Fixed,10.4,0.49,1.4,6406.55,331.7,3.66,100.0,240.9,4.71,5.18,False,6066.1441;6622.4420;6340.4354;6074.6104;6929.1380,11;10;10;11;10
RC2,rc2_4_2,Hybrid-Rule,10.4,0.49,1.4,6273.04,209.23,1.5,100.0,240.8,4.71,3.34,False,5956.3726;6528.5846;6316.3911;6121.8187;6442.0138,11;10;10;11;10
RC2,rc2_4_2,Hybrid-DDQN,10.4,0.49,1.4,6333.07,345.47,2.47,100.0,241.2,4.71,5.46,False,5842.6800;6682.5351;6659.5936;6005.4199;6475.1095,11;10;10;11;10
RC2,rc2_4_2,GNN-Hybrid-DDQN,11.4,0.49,2.4,7212.27,2673.66,16.69,100.0,241.1,4.3,37.07,False,6068.3622;5818.0917;12555.2787;5875.2029;5744.3904,11;12;11;11;12
RC2,rc2_4_2,OR-Tools,,,,,,,,0.0,,,False,,
RC2,rc2_4_3,ALNS-Base,9.0,0.0,1.0,5520.8,159.44,11.96,100.0,18.6,0.0,2.89,False,5564.0580;5404.6536;5384.0998;5814.1314;5437.0749,9;9;9;9;9
RC2,rc2_4_3,Hybrid-Fixed,9.0,0.0,1.0,5161.77,57.32,4.68,100.0,241.2,0.0,1.11,False,5226.9054;5056.8342;5178.5341;5155.5375;5191.0299,9;9;9;9;9
RC2,rc2_4_3,Hybrid-Rule,9.0,0.0,1.0,5219.34,101.58,5.85,100.0,240.8,0.0,1.95,False,5097.8502;5224.6574;5178.5341;5404.6532;5191.0299,9;9;9;9;9
RC2,rc2_4_3,Hybrid-DDQN,8.8,0.4,0.8,5182.83,131.65,5.11,100.0,241.0,4.55,2.54,False,4968.2968;5160.2461;5380.3056;5215.8137;5189.4680,9;9;8;9;9
RC2,rc2_4_3,GNN-Hybrid-DDQN,8.2,0.4,0.2,10863.17,2953.51,120.31,100.0,237.0,4.88,27.19,False,5259.5546;13682.2423;10737.6544;12222.4690;12413.9474,8;8;9;8;8
RC2,rc2_4_3,OR-Tools,,,,,,,,0.0,,,False,,
RC2,rc2_4_4,ALNS-Base,8.0,0.0,0.0,4310.11,58.61,18.7,100.0,25.6,0.0,1.36,False,4245.0029;4348.3764;4265.4532;4287.0319;4404.6940,8;8;8;8;8
RC2,rc2_4_4,Hybrid-Fixed,8.0,0.0,0.0,3900.53,69.4,7.42,100.0,242.0,0.0,1.78,False,3839.9818;3931.3270;3968.9732;3797.4248;3964.9406,8;8;8;8;8
RC2,rc2_4_4,Hybrid-Rule,8.0,0.0,0.0,3900.53,69.4,7.42,100.0,242.3,0.0,1.78,False,3839.9818;3931.3270;3968.9732;3797.4248;3964.9406,8;8;8;8;8
RC2,rc2_4_4,Hybrid-DDQN,8.0,0.0,0.0,3944.72,85.41,8.64,100.0,240.8,0.0,2.17,False,3975.2279;3924.8273;3900.5765;3833.7336;4089.2125,8;8;8;8;8
RC2,rc2_4_4,GNN-Hybrid-DDQN,8.0,0.0,0.0,3890.54,42.8,7.15,100.0,243.7,0.0,1.1,False,3862.3270;3945.0733;3939.7581;3860.3132;3845.2496,8;8;8;8;8
RC2,rc2_4_4,OR-Tools,,,,,,,,0.0,,,False,,
RC2,rc2_4_5,ALNS-Base,11.0,0.0,3.0,6426.73,87.81,-4.17,100.0,11.6,0.0,1.37,True,6401.4816;6342.7835;6596.1036;6410.2089;6383.0578,11;11;11;11;11
RC2,rc2_4_5,Hybrid-Fixed,10.0,0.0,2.0,6185.26,51.25,-7.77,100.0,240.9,0.0,0.83,True,6251.0507;6193.9040;6226.1217;6141.9650;6113.2634,10;10;10;10;10
RC2,rc2_4_5,Hybrid-Rule,10.0,0.0,2.0,6276.38,71.31,-6.41,100.0,241.0,0.0,1.14,True,6341.8537;6379.7655;6207.0407;6245.2085;6208.0455,10;10;10;10;10
RC2,rc2_4_5,Hybrid-DDQN,10.0,0.0,2.0,6244.46,108.54,-6.89,100.0,241.1,0.0,1.74,True,6423.4619;6244.1418;6229.3858;6244.0521;6081.2653,10;10;10;10;10
RC2,rc2_4_5,GNN-Hybrid-DDQN,10.4,0.8,2.4,7338.83,2760.85,9.43,100.0,241.6,7.69,37.62,False,5924.5019;5906.5162;5919.5448;6084.5782;12858.9914,11;11;11;10;9
RC2,rc2_4_5,OR-Tools,,,,,,,,0.0,,,False,,
RC2,rc2_4_6,ALNS-Base,10.0,0.0,2.0,6385.3,192.97,10.73,100.0,11.0,0.0,3.02,False,6386.2343;6133.2299;6697.5996;6246.9194;6462.5203,10;10;10;10;10
RC2,rc2_4_6,Hybrid-Fixed,9.0,0.0,1.0,6050.25,94.12,4.92,100.0,240.8,0.0,1.56,False,6117.4327;6002.6233;5996.7779;5936.6892;6197.7434,9;9;9;9;9
RC2,rc2_4_6,Hybrid-Rule,9.0,0.0,1.0,6036.6,52.18,4.68,100.0,240.8,0.0,0.86,False,6070.7139;6058.3210;6035.8477;5936.7369;6081.3739,9;9;9;9;9
RC2,rc2_4_6,Hybrid-DDQN,9.0,0.0,1.0,6029.85,56.51,4.56,100.0,240.8,0.0,0.94,False,6059.0927;6077.0269;5965.7899;5957.6845;6089.6321,9;9;9;9;9
RC2,rc2_4_6,GNN-Hybrid-DDQN,9.2,0.4,1.2,7612.29,3107.46,32.01,100.0,240.1,4.35,40.82,False,6368.1795;5797.9685;6086.5972;5992.3718;13816.3383,9;10;9;9;9
RC2,rc2_4_6,OR-Tools,,,,,,,,0.0,,,False,,
RC2,rc2_4_7,ALNS-Base,9.0,0.0,1.0,6138.36,128.14,15.06,100.0,13.0,0.0,2.09,False,6186.2659;6317.1587;5927.4475;6090.3138;6170.5962,9;9;9;9;9
RC2,rc2_4_7,Hybrid-Fixed,9.0,0.0,1.0,5603.58,91.75,5.04,100.0,241.1,0.0,1.64,False,5463.9442;5527.9911;5689.9798;5644.2975;5691.6703,9;9;9;9;9
RC2,rc2_4_7,Hybrid-Rule,9.0,0.0,1.0,5642.22,72.4,5.76,100.0,240.7,0.0,1.28,False,5711.9074;5527.9911;5721.9148;5650.4972;5598.7885,9;9;9;9;9
RC2,rc2_4_7,Hybrid-DDQN,8.8,0.4,0.8,6875.76,2649.53,28.89,100.0,241.9,4.55,38.53,False,5476.6239;12173.3395;5511.3628;5662.7698;5554.7172,9;8;9;9;9
RC2,rc2_4_7,GNN-Hybrid-DDQN,8.2,0.4,0.2,5757.96,108.95,7.93,100.0,228.7,4.88,1.89,False,5599.5052;5882.9160;5713.7539;5879.4379;5714.1910,9;8;8;8;8
RC2,rc2_4_7,OR-Tools,,,,,,,,0.0,,,False,,
RC2,rc2_4_8,ALNS-Base,8.0,0.0,0.0,5577.39,50.92,16.43,100.0,13.5,0.0,0.91,False,5502.6440;5557.9409;5655.0498;5606.0777;5565.2488,8;8;8;8;8
RC2,rc2_4_8,Hybrid-Fixed,8.0,0.0,0.0,5139.71,23.3,7.3,100.0,240.8,0.0,0.45,False,5155.8248;5151.5918;5132.2165;5161.4641;5097.4676,8;8;8;8;8
RC2,rc2_4_8,Hybrid-Rule,8.0,0.0,0.0,5103.74,48.94,6.55,100.0,240.5,0.0,0.96,False,5155.8248;5151.5918;5067.3239;5029.3840;5114.5794,8;8;8;8;8
RC2,rc2_4_8,Hybrid-DDQN,8.0,0.0,0.0,5038.78,65.14,5.19,100.0,237.4,0.0,1.29,False,5150.2873;4981.1526;4967.7587;5059.0087;5035.6987,8;8;8;8;8
RC2,rc2_4_8,GNN-Hybrid-DDQN,8.0,0.0,0.0,5106.3,61.27,6.6,100.0,203.9,0.0,1.2,False,5107.3755;4988.9188;5138.1706;5134.2240;5162.8184,8;8;8;8;8
RC2,rc2_4_8,OR-Tools,,,,,,,,0.0,,,False,,
RC2,rc2_4_9,ALNS-Base,8.0,0.0,0.0,5479.61,105.43,20.4,100.0,15.6,0.0,1.92,False,5575.9096;5416.2706;5301.4381;5552.5116;5551.9215,8;8;8;8;8
RC2,rc2_4_9,Hybrid-Fixed,8.0,0.0,0.0,4981.49,42.38,9.46,100.0,240.8,0.0,0.85,False,4956.8000;5040.9211;5020.3443;4962.2682;4927.0944,8;8;8;8;8
RC2,rc2_4_9,Hybrid-Rule,8.0,0.0,0.0,4927.53,63.63,8.27,100.0,240.4,0.0,1.29,False,4931.3705;4965.0424;5017.8880;4830.2001;4893.1350,8;8;8;8;8
RC2,rc2_4_9,Hybrid-DDQN,8.0,0.0,0.0,4771.51,43.82,4.84,100.0,239.8,0.0,0.92,False,4808.6409;4816.9821;4705.5780;4792.0871;4734.2781,8;8;8;8;8
RC2,rc2_4_9,GNN-Hybrid-DDQN,8.0,0.0,0.0,4864.21,35.97,6.88,100.0,206.0,0.0,0.74,False,4837.3803;4885.8465;4916.4121;4867.6505;4813.7706,8;8;8;8;8
RC2,rc2_4_9,OR-Tools,,,,,,,,0.0,,,False,,
